날짜,최고기온,최저기온,월,일,연도,가격
2013-01-02,2.7,-7.6,1,2,2013,3910.0
2013-01-03,-3.6,-10.7,1,3,2013,4010.0
2013-01-04,1.8,-10.2,1,4,2013,4060.0
2013-01-07,6.2,-7.9,1,7,2013,4140.0
2013-01-08,5.6,-5.2,1,8,2013,4120.0
2013-01-09,1.0,-6.0,1,9,2013,4070.0
2013-01-10,1.3,-9.3,1,10,2013,4020.0
2013-01-11,3.9,-10.8,1,11,2013,4120.0
2013-01-14,8.5,-1.1,1,14,2013,4160.0
2013-01-15,6.8,-4.3,1,15,2013,4160.0
2013-01-16,7.5,-4.3,1,16,2013,4160.0
2013-01-17,2.5,-3.2,1,17,2013,4210.0
2013-01-18,6.3,-6.1,1,18,2013,4180.0
2013-01-21,5.0,2.0,1,21,2013,4250.0
2013-01-22,7.3,2.4,1,22,2013,4200.0
2013-01-23,5.8,0.8,1,23,2013,4180.0
2013-01-24,6.6,-1.3,1,24,2013,4180.0
2013-01-25,2.4,-4.3,1,25,2013,4180.0
2013-01-28,6.6,-8.8,1,28,2013,4180.0
2013-01-29,8.7,-6.0,1,29,2013,4080.0
2013-01-30,12.1,-3.4,1,30,2013,4080.0
2013-01-31,12.6,-0.2,1,31,2013,4160.0
2013-02-01,13.5,4.7,2,1,2013,4110.0
2013-02-04,9.8,0.0,2,4,2013,4210.0
2013-02-05,5.8,-1.1,2,5,2013,4270.0
2013-02-06,7.0,-1.2,2,6,2013,4290.0
2013-02-07,0.7,-8.8,2,7,2013,4340.0
2013-02-08,0.5,-11.9,2,8,2013,4340.0
2013-02-12,0.6,-2.6,2,12,2013,4340.0
2013-02-13,5.9,-6.3,2,13,2013,4360.0
2013-02-14,9.5,-3.6,2,14,2013,4450.0
2013-02-15,8.5,-1.5,2,15,2013,4450.0
2013-02-18,6.5,1.4,2,18,2013,4520.0
2013-02-19,6.2,-2.5,2,19,2013,4420.0
2013-02-20,4.8,-5.4,2,20,2013,4420.0
2013-02-21,7.3,-5.7,2,21,2013,4420.0
2013-02-22,9.5,-3.6,2,22,2013,4420.0
2013-02-25,12.3,-3.4,2,25,2013,4080.0
2013-02-26,10.0,-0.3,2,26,2013,4080.0
2013-02-27,15.6,-2.7,2,27,2013,4020.0
2013-02-28,16.8,-1.8,2,28,2013,4000.0
2013-03-04,12.9,-4.1,3,4,2013,4000.0
2013-03-05,16.9,-3.0,3,5,2013,3970.0
2013-03-06,17.8,-3.0,3,6,2013,3920.0
2013-03-07,15.8,1.5,3,7,2013,4020.0
2013-03-08,19.3,0.8,3,8,2013,4020.0
2013-03-11,14.2,0.1,3,11,2013,3990.0
2013-03-12,17.5,-2.3,3,12,2013,4040.0
2013-03-13,16.9,4.9,3,13,2013,4040.0
2013-03-14,9.9,0.1,3,14,2013,4040.0
2013-03-15,17.2,-2.2,3,15,2013,4040.0
2013-03-18,19.6,9.5,3,18,2013,4040.0
2013-03-19,19.5,5.2,3,19,2013,4140.0
2013-03-20,17.7,1.7,3,20,2013,4270.0
2013-03-21,11.1,-2.4,3,21,2013,4270.0
2013-03-22,14.5,-1.2,3,22,2013,4340.0
2013-03-25,12.0,3.1,3,25,2013,4340.0
2013-03-26,14.3,0.2,3,26,2013,4340.0
2013-03-27,18.4,1.4,3,27,2013,4340.0
2013-03-28,21.6,3.6,3,28,2013,4380.0
2013-03-29,16.7,5.8,3,29,2013,4380.0
2013-04-01,18.0,1.4,4,1,2013,4770.0
2013-04-02,19.2,3.7,4,2,2013,4770.0
2013-04-03,22.4,1.1,4,3,2013,4870.0
2013-04-04,21.2,5.5,4,4,2013,4920.0
2013-04-05,19.6,3.9,4,5,2013,4920.0
2013-04-08,18.1,-0.9,4,8,2013,5040.0
2013-04-09,15.5,2.8,4,9,2013,5040.0
2013-04-10,10.5,0.3,4,10,2013,5040.0
2013-04-11,14.4,-1.7,4,11,2013,5040.0
2013-04-12,14.7,0.9,4,12,2013,5040.0
2013-04-15,18.8,2.2,4,15,2013,5240.0
2013-04-16,23.2,5.8,4,16,2013,5240.0
2013-04-17,18.6,9.7,4,17,2013,4990.0
2013-04-18,21.8,7.6,4,18,2013,4540.0
2013-04-19,15.1,5.1,4,19,2013,4540.0
2013-04-22,20.1,1.2,4,22,2013,4250.0
2013-04-23,13.4,7.6,4,23,2013,3810.0
2013-04-24,22.0,9.9,4,24,2013,3610.0
2013-04-25,23.0,5.2,4,25,2013,3560.0
2013-04-26,18.4,4.1,4,26,2013,3440.0
2013-04-29,19.0,6.7,4,29,2013,3420.0
2013-04-30,21.4,3.3,4,30,2013,3420.0
2013-05-02,18.3,9.1,5,2,2013,3000.0
2013-05-03,20.0,6.2,5,3,2013,2860.0
2013-05-06,28.8,7.6,5,6,2013,2300.0
2013-05-07,22.9,10.0,5,7,2013,2150.0
2013-05-08,26.0,7.2,5,8,2013,2030.0
2013-05-09,24.7,9.6,5,9,2013,1930.0
2013-05-10,23.2,12.9,5,10,2013,1730.0
2013-05-13,31.5,10.5,5,13,2013,1730.0
2013-05-14,27.6,10.1,5,14,2013,1670.0
2013-05-15,27.1,12.2,5,15,2013,1670.0
2013-05-16,18.9,10.3,5,16,2013,1670.0
2013-05-20,24.3,14.0,5,20,2013,1620.0
2013-05-21,28.0,8.7,5,21,2013,1590.0
2013-05-22,29.5,9.6,5,22,2013,1580.0
2013-05-23,29.7,13.0,5,23,2013,1510.0
2013-05-24,32.3,12.5,5,24,2013,1380.0
2013-05-27,23.3,17.6,5,27,2013,1380.0
2013-05-28,22.6,17.3,5,28,2013,1380.0
2013-05-29,24.4,17.8,5,29,2013,1370.0
2013-05-30,27.3,15.2,5,30,2013,1330.0
2013-05-31,25.2,13.2,5,31,2013,1330.0
2013-06-03,28.1,13.5,6,3,2013,1330.0
2013-06-04,29.9,13.6,6,4,2013,1330.0
2013-06-05,29.0,14.5,6,5,2013,1330.0
2013-06-07,28.7,17.6,6,7,2013,1330.0
2013-06-10,27.0,16.9,6,10,2013,1330.0
2013-06-11,23.9,18.9,6,11,2013,1330.0
2013-06-12,27.1,18.5,6,12,2013,1360.0
2013-06-13,27.8,21.1,6,13,2013,1350.0
2013-06-14,23.7,20.3,6,14,2013,1350.0
2013-06-17,31.5,19.6,6,17,2013,1350.0
2013-06-18,25.3,22.4,6,18,2013,1350.0
2013-06-19,25.6,20.8,6,19,2013,1350.0
2013-06-20,29.9,20.4,6,20,2013,1350.0
2013-06-21,25.2,20.3,6,21,2013,1350.0
2013-06-24,28.1,18.6,6,24,2013,1350.0
2013-06-25,25.2,19.3,6,25,2013,1350.0
2013-06-26,28.8,19.1,6,26,2013,1350.0
2013-06-27,26.8,19.9,6,27,2013,1350.0
2013-06-28,29.2,19.3,6,28,2013,1350.0
2013-07-01,30.0,20.3,7,1,2013,1350.0
2013-07-02,27.4,22.1,7,2,2013,1360.0
2013-07-03,27.1,21.4,7,3,2013,1390.0
2013-07-04,25.6,22.3,7,4,2013,1390.0
2013-07-05,25.5,21.8,7,5,2013,1390.0
2013-07-08,28.7,24.3,7,8,2013,1400.0
2013-07-09,30.0,24.3,7,9,2013,1400.0
2013-07-10,30.8,22.8,7,10,2013,1400.0
2013-07-11,31.7,20.9,7,11,2013,1400.0
2013-07-12,30.5,20.5,7,12,2013,1400.0
2013-07-15,29.1,20.9,7,15,2013,1400.0
2013-07-16,29.5,20.2,7,16,2013,1400.0
2013-07-17,29.9,22.6,7,17,2013,1400.0
2013-07-18,31.8,21.5,7,18,2013,1400.0
2013-07-19,31.5,21.5,7,19,2013,1390.0
2013-07-22,31.4,22.0,7,22,2013,1390.0
2013-07-23,27.2,22.2,7,23,2013,1390.0
2013-07-24,28.3,22.2,7,24,2013,1390.0
2013-07-25,32.4,20.3,7,25,2013,1390.0
2013-07-26,32.5,19.7,7,26,2013,1390.0
2013-07-29,31.3,23.1,7,29,2013,1390.0
2013-07-30,31.0,20.7,7,30,2013,1390.0
2013-07-31,29.6,20.7,7,31,2013,1390.0
2013-08-01,31.9,20.8,8,1,2013,1390.0
2013-08-02,29.9,21.7,8,2,2013,1390.0
2013-08-05,32.0,21.1,8,5,2013,1390.0
2013-08-06,32.1,21.3,8,6,2013,1390.0
2013-08-07,33.7,21.1,8,7,2013,1380.0
2013-08-08,35.1,23.0,8,8,2013,1380.0
2013-08-09,34.0,22.6,8,9,2013,1380.0
2013-08-12,35.4,22.8,8,12,2013,1380.0
2013-08-13,34.9,21.0,8,13,2013,1380.0
2013-08-14,33.9,21.1,8,14,2013,1380.0
2013-08-16,33.2,20.7,8,16,2013,1380.0
2013-08-19,34.4,22.2,8,19,2013,1380.0
2013-08-20,33.9,23.5,8,20,2013,1380.0
2013-08-21,32.5,21.8,8,21,2013,1380.0
2013-08-22,30.5,22.2,8,22,2013,1390.0
2013-08-23,26.9,21.8,8,23,2013,1390.0
2013-08-26,35.2,17.4,8,26,2013,1400.0
2013-08-27,32.7,19.1,8,27,2013,1400.0
2013-08-28,31.9,20.5,8,28,2013,1400.0
2013-08-29,32.2,20.7,8,29,2013,1430.0
2013-08-30,29.2,22.5,8,30,2013,1430.0
2013-09-02,30.0,20.6,9,2,2013,1440.0
2013-09-03,22.6,21.4,9,3,2013,1440.0
2013-09-04,0.0,0.0,9,4,2013,1420.0
2013-09-05,0.0,0.0,9,5,2013,1420.0
2013-09-06,0.0,0.0,9,6,2013,1420.0
2013-09-09,0.0,0.0,9,9,2013,1420.0
2013-09-10,0.0,0.0,9,10,2013,1430.0
2013-09-11,0.0,0.0,9,11,2013,1430.0
2013-09-12,0.0,0.0,9,12,2013,1430.0
2013-09-13,0.0,0.0,9,13,2013,1450.0
2013-09-16,0.0,0.0,9,16,2013,1460.0
2013-09-17,0.0,0.0,9,17,2013,1460.0
2013-09-23,0.0,0.0,9,23,2013,1440.0
2013-09-24,0.0,0.0,9,24,2013,1650.0
2013-09-25,0.0,0.0,9,25,2013,1670.0
2013-09-26,26.0,13.6,9,26,2013,1670.0
2013-09-27,26.7,12.6,9,27,2013,1720.0
2013-09-30,26.9,19.2,9,30,2013,1690.0
2013-10-01,27.5,17.5,10,1,2013,1690.0
2013-10-02,25.2,15.6,10,2,2013,1690.0
2013-10-04,26.7,9.8,10,4,2013,1690.0
2013-10-07,28.3,20.5,10,7,2013,1690.0
2013-10-08,22.5,19.9,10,8,2013,1690.0
2013-10-10,24.6,17.9,10,10,2013,1670.0
2013-10-11,27.0,12.8,10,11,2013,1670.0
2013-10-14,26.4,11.6,10,14,2013,1670.0
2013-10-15,24.3,13.2,10,15,2013,1670.0
2013-10-16,17.8,6.8,10,16,2013,1670.0
2013-10-17,19.4,5.3,10,17,2013,1670.0
2013-10-18,22.0,8.6,10,18,2013,1670.0
2013-10-21,22.4,11.3,10,21,2013,1670.0
2013-10-22,20.9,14.8,10,22,2013,1670.0
2013-10-23,23.0,14.4,10,23,2013,1670.0
2013-10-24,22.3,14.4,10,24,2013,1670.0
2013-10-25,19.1,6.4,10,25,2013,1550.0
2013-10-28,20.9,3.2,10,28,2013,1550.0
2013-10-29,21.2,4.3,10,29,2013,1550.0
2013-10-30,20.9,5.2,10,30,2013,1620.0
2013-10-31,21.1,6.3,10,31,2013,1620.0
2013-11-01,22.0,7.6,11,1,2013,1480.0
2013-11-04,18.7,6.6,11,4,2013,1460.0
2013-11-05,20.8,5.5,11,5,2013,1460.0
2013-11-06,17.6,4.3,11,6,2013,1440.0
2013-11-07,21.2,5.3,11,7,2013,1440.0
2013-11-08,19.0,2.9,11,8,2013,1460.0
2013-11-11,10.8,0.2,11,11,2013,1510.0
2013-11-12,11.4,-1.5,11,12,2013,1510.0
2013-11-13,14.8,-1.4,11,13,2013,1510.0
2013-11-14,15.4,0.3,11,14,2013,1510.0
2013-11-15,15.7,4.1,11,15,2013,1510.0
2013-11-18,9.2,-1.3,11,18,2013,1520.0
2013-11-19,10.1,-2.1,11,19,2013,1450.0
2013-11-20,11.0,-3.3,11,20,2013,1450.0
2013-11-21,11.5,-3.9,11,21,2013,1450.0
2013-11-22,12.3,-2.5,11,22,2013,1400.0
2013-11-25,16.4,4.6,11,25,2013,1310.0
2013-11-26,10.7,-0.7,11,26,2013,1290.0
2013-11-27,10.7,-1.1,11,27,2013,1090.0
2013-11-28,4.9,-4.6,11,28,2013,1090.0
2013-11-29,7.7,-5.2,11,29,2013,1090.0
2013-12-02,11.5,-2.6,12,2,2013,1010.0
2013-12-03,11.7,-2.9,12,3,2013,980.0
2013-12-04,12.3,-2.8,12,4,2013,980.0
2013-12-05,11.3,-3.1,12,5,2013,980.0
2013-12-06,11.4,-1.7,12,6,2013,980.0
2013-12-09,11.2,-0.4,12,9,2013,980.0
2013-12-10,13.7,-2.2,12,10,2013,910.0
2013-12-11,7.3,-3.3,12,11,2013,910.0
2013-12-12,7.7,-5.7,12,12,2013,910.0
2013-12-13,7.2,-5.3,12,13,2013,910.0
2013-12-16,4.2,-5.8,12,16,2013,890.0
2013-12-17,10.6,0.0,12,17,2013,890.0
2013-12-18,7.9,5.4,12,18,2013,880.0
2013-12-19,5.4,-3.6,12,19,2013,880.0
2013-12-20,6.2,-3.4,12,20,2013,860.0
2013-12-23,8.1,-4.7,12,23,2013,860.0
2013-12-24,9.4,-4.1,12,24,2013,860.0
2013-12-26,6.3,0.0,12,26,2013,800.0
2013-12-27,5.0,-3.0,12,27,2013,800.0
2013-12-30,9.5,-7.1,12,30,2013,800.0
2013-12-31,10.1,-5.4,12,31,2013,800.0
2014-01-02,11.2,-4.3,1,2,2014,800.0
2014-01-03,10.9,-5.2,1,3,2014,800.0
2014-01-06,9.1,-4.3,1,6,2014,800.0
2014-01-07,8.7,-7.0,1,7,2014,800.0
2014-01-08,4.8,1.5,1,8,2014,790.0
2014-01-09,2.5,-7.6,1,9,2014,790.0
2014-01-10,4.3,-8.8,1,10,2014,790.0
2014-01-13,4.1,-6.0,1,13,2014,790.0
2014-01-14,5.7,-7.6,1,14,2014,790.0
2014-01-15,6.1,-7.2,1,15,2014,790.0
2014-01-16,7.5,-6.9,1,16,2014,790.0
2014-01-17,8.0,-6.4,1,17,2014,810.0
2014-01-20,9.5,-3.5,1,20,2014,810.0
2014-01-21,2.9,-4.6,1,21,2014,810.0
2014-01-22,5.8,-8.5,1,22,2014,830.0
2014-01-23,9.9,-8.2,1,23,2014,850.0
2014-01-24,13.6,-7.0,1,24,2014,850.0
2014-01-27,11.1,-7.0,1,27,2014,810.0
2014-01-28,13.8,-3.0,1,28,2014,810.0
2014-01-29,13.9,-7.0,1,29,2014,810.0
2014-02-03,0.0,0.0,2,3,2014,810.0
2014-02-04,1.2,-6.7,2,4,2014,810.0
2014-02-05,4.0,-6.9,2,5,2014,810.0
2014-02-06,4.0,-2.9,2,6,2014,770.0
2014-02-07,7.0,2.1,2,7,2014,770.0
2014-02-10,4.5,0.1,2,10,2014,770.0
2014-02-11,6.4,-2.0,2,11,2014,770.0
2014-02-12,6.6,-4.1,2,12,2014,770.0
2014-02-13,6.1,-1.3,2,13,2014,770.0
2014-02-14,4.6,0.7,2,14,2014,770.0
2014-02-17,10.3,2.0,2,17,2014,770.0
2014-02-18,5.4,1.4,2,18,2014,740.0
2014-02-19,6.4,-1.8,2,19,2014,740.0
2014-02-20,11.8,-5.0,2,20,2014,740.0
2014-02-21,10.9,-2.2,2,21,2014,700.0
2014-02-24,13.3,-2.0,2,24,2014,660.0
2014-02-25,15.2,-3.6,2,25,2014,660.0
2014-02-26,9.2,2.7,2,26,2014,660.0
2014-02-27,16.6,6.0,2,27,2014,660.0
2014-02-28,14.6,6.7,2,28,2014,660.0
2014-03-03,12.8,0.1,3,3,2014,660.0
2014-03-04,11.6,-1.9,3,4,2014,660.0
2014-03-05,10.5,0.2,3,5,2014,660.0
2014-03-06,8.1,-1.7,3,6,2014,660.0
2014-03-07,7.0,-5.8,3,7,2014,660.0
2014-03-10,11.7,-5.8,3,10,2014,660.0
2014-03-11,15.3,-4.7,3,11,2014,660.0
2014-03-12,10.5,-2.1,3,12,2014,660.0
2014-03-13,9.5,1.9,3,13,2014,660.0
2014-03-14,32.1,-0.9,3,14,2014,690.0
2014-03-17,19.0,0.8,3,17,2014,740.0
2014-03-18,23.6,10.1,3,18,2014,780.0
2014-03-19,13.8,7.8,3,19,2014,790.0
2014-03-20,12.3,2.9,3,20,2014,790.0
2014-03-21,10.9,-0.8,3,21,2014,780.0
2014-03-24,18.4,0.5,3,24,2014,800.0
2014-03-25,17.0,10.2,3,25,2014,820.0
2014-03-26,18.1,8.7,3,26,2014,820.0
2014-03-27,22.7,9.1,3,27,2014,820.0
2014-03-28,22.9,5.5,3,28,2014,820.0
2014-03-31,19.8,6.2,3,31,2014,910.0
2014-04-01,22.5,5.5,4,1,2014,910.0
2014-04-02,23.1,5.2,4,2,2014,910.0
2014-04-03,21.9,5.9,4,3,2014,910.0
2014-04-04,14.9,4.3,4,4,2014,940.0
2014-04-07,23.2,0.3,4,7,2014,950.0
2014-04-08,22.8,4.8,4,8,2014,950.0
2014-04-09,24.4,3.6,4,9,2014,950.0
2014-04-10,24.9,4.2,4,10,2014,950.0
2014-04-11,16.1,6.2,4,11,2014,950.0
2014-04-14,24.9,4.6,4,14,2014,1020.0
2014-04-15,28.3,4.1,4,15,2014,1020.0
2014-04-16,26.9,11.4,4,16,2014,1020.0
2014-04-17,22.4,6.6,4,17,2014,1020.0
2014-04-18,16.6,9.2,4,18,2014,1020.0
2014-04-21,25.5,7.9,4,21,2014,1020.0
2014-04-22,24.1,7.5,4,22,2014,1020.0
2014-04-23,25.9,5.4,4,23,2014,1020.0
2014-04-24,25.5,5.5,4,24,2014,1020.0
2014-04-25,26.5,5.4,4,25,2014,1120.0
2014-04-28,15.7,12.5,4,28,2014,1140.0
2014-04-29,18.2,13.6,4,29,2014,1140.0
2014-04-30,16.2,13.2,4,30,2014,1140.0
2014-05-02,27.3,9.8,5,2,2014,1140.0
2014-05-07,22.2,3.9,5,7,2014,1230.0
2014-05-08,26.0,10.1,5,8,2014,1230.0
2014-05-09,26.4,8.3,5,9,2014,1310.0
2014-05-12,26.0,12.8,5,12,2014,1370.0
2014-05-13,29.4,10.7,5,13,2014,1420.0
2014-05-14,19.9,13.0,5,14,2014,1420.0
2014-05-15,27.8,12.9,5,15,2014,1390.0
2014-05-16,29.0,9.3,5,16,2014,1370.0
2014-05-19,28.5,11.6,5,19,2014,1370.0
2014-05-20,22.3,13.5,5,20,2014,1370.0
2014-05-21,28.8,11.8,5,21,2014,1370.0
2014-05-22,29.7,11.2,5,22,2014,1370.0
2014-05-23,23.9,13.6,5,23,2014,1370.0
2014-05-26,28.5,12.4,5,26,2014,1370.0
2014-05-27,31.9,9.1,5,27,2014,1370.0
2014-05-28,27.9,13.3,5,28,2014,1370.0
2014-05-29,33.7,13.6,5,29,2014,1350.0
2014-05-30,34.5,14.6,5,30,2014,1350.0
2014-06-02,24.3,16.9,6,2,2014,1330.0
2014-06-03,22.0,16.9,6,3,2014,1330.0
2014-06-05,22.5,19.2,6,5,2014,1350.0
2014-06-09,25.2,17.9,6,9,2014,1370.0
2014-06-10,24.6,18.3,6,10,2014,1370.0
2014-06-11,26.3,17.9,6,11,2014,1390.0
2014-06-12,25.0,16.8,6,12,2014,1390.0
2014-06-13,26.3,17.6,6,13,2014,1390.0
2014-06-16,30.7,16.8,6,16,2014,1410.0
2014-06-17,24.9,19.6,6,17,2014,1410.0
2014-06-18,30.4,19.6,6,18,2014,1410.0
2014-06-19,32.3,17.1,6,19,2014,1410.0
2014-06-20,27.3,19.0,6,20,2014,1410.0
2014-06-23,27.5,17.1,6,23,2014,1410.0
2014-06-24,27.0,17.8,6,24,2014,1410.0
2014-06-25,29.8,17.6,6,25,2014,1410.0
2014-06-26,29.3,18.4,6,26,2014,1410.0
2014-06-27,30.7,16.9,6,27,2014,1410.0
2014-06-30,29.8,19.8,6,30,2014,1410.0
2014-07-01,31.1,20.7,7,1,2014,1410.0
2014-07-02,27.3,19.4,7,2,2014,1410.0
2014-07-03,24.8,19.8,7,3,2014,1430.0
2014-07-04,29.6,20.2,7,4,2014,1430.0
2014-07-07,24.9,19.5,7,7,2014,1450.0
2014-07-08,26.1,20.9,7,8,2014,1450.0
2014-07-09,30.1,22.7,7,9,2014,1450.0
2014-07-10,35.3,24.3,7,10,2014,1450.0
2014-07-11,34.9,22.0,7,11,2014,1450.0
2014-07-14,33.0,21.5,7,14,2014,1490.0
2014-07-15,27.9,21.0,7,15,2014,1490.0
2014-07-16,30.2,21.2,7,16,2014,1480.0
2014-07-17,26.0,22.0,7,17,2014,1480.0
2014-07-18,28.1,20.8,7,18,2014,1480.0
2014-07-21,33.3,21.8,7,21,2014,1500.0
2014-07-22,31.8,21.8,7,22,2014,1500.0
2014-07-23,33.2,22.3,7,23,2014,1500.0
2014-07-24,33.8,23.3,7,24,2014,1500.0
2014-07-25,32.4,26.5,7,25,2014,1510.0
2014-07-28,29.6,19.1,7,28,2014,1510.0
2014-07-29,30.6,20.8,7,29,2014,1510.0
2014-07-30,34.0,22.5,7,30,2014,1500.0
2014-07-31,36.4,23.6,7,31,2014,1500.0
2014-08-04,25.5,23.7,8,4,2014,1570.0
2014-08-05,32.9,23.7,8,5,2014,1620.0
2014-08-06,33.3,24.3,8,6,2014,1640.0
2014-08-07,27.8,22.0,8,7,2014,1640.0
2014-08-08,27.2,21.3,8,8,2014,1660.0
2014-08-11,29.8,19.9,8,11,2014,1680.0
2014-08-12,32.4,20.5,8,12,2014,1730.0
2014-08-13,28.1,21.0,8,13,2014,1740.0
2014-08-14,24.1,19.8,8,14,2014,1750.0
2014-08-18,22.7,19.6,8,18,2014,1960.0
2014-08-19,28.4,22.5,8,19,2014,1960.0
2014-08-20,25.9,23.2,8,20,2014,2030.0
2014-08-21,27.5,20.8,8,21,2014,2100.0
2014-08-22,30.9,18.4,8,22,2014,2100.0
2014-08-25,24.7,22.2,8,25,2014,2200.0
2014-08-26,31.3,20.8,8,26,2014,2220.0
2014-08-27,25.5,20.2,8,27,2014,2400.0
2014-08-28,26.6,18.2,8,28,2014,2470.0
2014-08-29,27.9,18.4,8,29,2014,2470.0
2014-09-01,28.7,16.7,9,1,2014,2470.0
2014-09-02,26.5,16.6,9,2,2014,2470.0
2014-09-03,25.5,19.4,9,3,2014,2470.0
2014-09-04,30.2,19.5,9,4,2014,2470.0
2014-09-05,31.7,18.1,9,5,2014,2470.0
2014-09-11,30.0,18.7,9,11,2014,2470.0
2014-09-12,25.1,18.0,9,12,2014,2470.0
2014-09-15,28.8,16.9,9,15,2014,2570.0
2014-09-17,23.7,19.0,9,17,2014,2570.0
2014-09-18,26.5,16.1,9,18,2014,2570.0
2014-09-19,24.2,14.7,9,19,2014,2570.0
2014-09-22,28.4,12.9,9,22,2014,2600.0
2014-09-23,27.0,12.6,9,23,2014,2650.0
2014-09-24,23.0,18.2,9,24,2014,2570.0
2014-09-25,27.2,15.7,9,25,2014,2570.0
2014-09-26,25.6,14.4,9,26,2014,2540.0
2014-09-29,23.7,17.2,9,29,2014,2480.0
2014-09-30,23.8,17.4,9,30,2014,2480.0
2014-10-01,24.0,13.7,10,1,2014,2460.0
2014-10-02,25.1,13.0,10,2,2014,2410.0
2014-10-06,23.0,10.1,10,6,2014,2250.0
2014-10-07,24.2,8.1,10,7,2014,2190.0
2014-10-08,24.8,9.2,10,8,2014,2190.0
2014-10-10,26.8,9.6,10,10,2014,2140.0
2014-10-13,19.8,14.0,10,13,2014,1970.0
2014-10-14,20.0,11.1,10,14,2014,1970.0
2014-10-15,21.8,7.9,10,15,2014,1940.0
2014-10-16,22.2,6.6,10,16,2014,1940.0
2014-10-17,22.4,3.5,10,17,2014,1770.0
2014-10-20,21.0,14.0,10,20,2014,1620.0
2014-10-21,19.9,14.4,10,21,2014,1610.0
2014-10-22,15.3,9.3,10,22,2014,1490.0
2014-10-23,19.9,8.9,10,23,2014,1420.0
2014-10-24,21.9,7.1,10,24,2014,1360.0
2014-10-27,22.0,8.1,10,27,2014,1330.0
2014-10-28,20.9,6.2,10,28,2014,1180.0
2014-10-29,20.3,5.4,10,29,2014,1140.0
2014-10-30,19.8,6.5,10,30,2014,1040.0
2014-10-31,14.5,12.2,10,31,2014,1010.0
2014-11-03,15.0,3.5,11,3,2014,900.0
2014-11-04,17.9,0.4,11,4,2014,870.0
2014-11-05,19.7,1.8,11,5,2014,860.0
2014-11-06,19.8,6.4,11,6,2014,860.0
2014-11-07,18.2,5.7,11,7,2014,830.0
2014-11-10,18.9,3.9,11,10,2014,780.0
2014-11-11,17.3,2.8,11,11,2014,780.0
2014-11-12,15.9,4.4,11,12,2014,780.0
2014-11-13,9.9,0.2,11,13,2014,770.0
2014-11-14,12.2,-2.6,11,14,2014,770.0
2014-11-17,14.1,1.7,11,17,2014,770.0
2014-11-18,13.6,-0.3,11,18,2014,750.0
2014-11-19,14.0,-2.6,11,19,2014,700.0
2014-11-20,15.1,-1.6,11,20,2014,700.0
2014-11-21,16.3,-1.4,11,21,2014,690.0
2014-11-24,11.8,8.9,11,24,2014,640.0
2014-11-25,13.8,10.3,11,25,2014,620.0
2014-11-26,15.7,5.4,11,26,2014,620.0
2014-11-27,17.3,2.7,11,27,2014,620.0
2014-11-28,11.4,3.6,11,28,2014,620.0
2014-12-02,3.1,-5.4,12,2,2014,620.0
2014-12-03,7.5,-6.3,12,3,2014,620.0
2014-12-04,6.0,-0.8,12,4,2014,680.0
2014-12-05,3.2,-4.0,12,5,2014,680.0
2014-12-08,7.2,-4.9,12,8,2014,680.0
2014-12-09,8.6,-3.1,12,9,2014,670.0
2014-12-10,11.7,0.3,12,10,2014,650.0
2014-12-11,9.3,1.0,12,11,2014,650.0
2014-12-12,6.8,-1.6,12,12,2014,650.0
2014-12-15,7.3,-4.9,12,15,2014,650.0
2014-12-16,5.3,-3.5,12,16,2014,650.0
2014-12-17,-0.2,-7.2,12,17,2014,650.0
2014-12-18,3.3,-8.2,12,18,2014,660.0
2014-12-19,6.4,-8.5,12,19,2014,650.0
2014-12-22,5.3,-6.9,12,22,2014,650.0
2014-12-23,7.8,-6.0,12,23,2014,650.0
2014-12-24,12.2,-4.1,12,24,2014,650.0
2014-12-26,6.7,-6.7,12,26,2014,650.0
2014-12-29,8.7,-4.1,12,29,2014,630.0
2014-12-30,13.0,-4.0,12,30,2014,630.0
2014-12-31,4.8,-4.3,12,31,2014,630.0
2015-01-02,2.8,-9.5,1,2,2015,630.0
2015-01-05,9.8,-4.6,1,5,2015,630.0
2015-01-06,8.6,0.0,1,6,2015,630.0
2015-01-07,3.3,-3.3,1,7,2015,630.0
2015-01-08,6.0,-7.5,1,8,2015,630.0
2015-01-09,6.8,-6.7,1,9,2015,640.0
2015-01-12,7.6,-6.0,1,12,2015,640.0
2015-01-13,8.7,-6.5,1,13,2015,640.0
2015-01-14,6.0,-1.2,1,14,2015,640.0
2015-01-15,10.3,-0.9,1,15,2015,640.0
2015-01-16,9.1,-3.7,1,16,2015,650.0
2015-01-19,8.9,-1.8,1,19,2015,650.0
2015-01-20,9.5,-4.0,1,20,2015,650.0
2015-01-21,7.9,0.5,1,21,2015,650.0
2015-01-22,7.3,3.6,1,22,2015,650.0
2015-01-23,8.9,-1.6,1,23,2015,650.0
2015-01-26,13.1,3.9,1,26,2015,650.0
2015-01-27,8.7,-0.9,1,27,2015,650.0
2015-01-28,6.2,-4.5,1,28,2015,650.0
2015-01-29,7.3,-1.7,1,29,2015,650.0
2015-01-30,6.3,-1.8,1,30,2015,650.0
2015-02-02,10.0,-5.9,2,2,2015,680.0
2015-02-03,10.6,-4.8,2,3,2015,680.0
2015-02-04,9.3,-0.3,2,4,2015,680.0
2015-02-05,7.2,-3.1,2,5,2015,700.0
2015-02-06,9.2,-5.1,2,6,2015,710.0
2015-02-09,3.0,-9.0,2,9,2015,710.0
2015-02-10,10.0,-7.9,2,10,2015,740.0
2015-02-11,11.1,-5.6,2,11,2015,770.0
2015-02-12,8.1,-3.9,2,12,2015,790.0
2015-02-13,7.1,-7.1,2,13,2015,790.0
2015-02-16,6.2,4.6,2,16,2015,810.0
2015-02-17,9.5,0.4,2,17,2015,810.0
2015-02-23,11.9,0.0,2,23,2015,810.0
2015-02-24,12.8,0.2,2,24,2015,810.0
2015-02-25,12.2,0.0,2,25,2015,810.0
2015-02-26,13.4,-0.3,2,26,2015,870.0
2015-02-27,5.6,-3.9,2,27,2015,880.0
2015-03-02,12.0,-2.9,3,2,2015,880.0
2015-03-03,4.0,-0.6,3,3,2015,880.0
2015-03-04,6.5,-1.2,3,4,2015,870.0
2015-03-05,8.5,-3.3,3,5,2015,870.0
2015-03-06,12.4,-1.9,3,6,2015,870.0
2015-03-09,15.4,-0.7,3,9,2015,870.0
2015-03-10,4.8,-4.5,3,10,2015,870.0
2015-03-11,10.4,-5.8,3,11,2015,880.0
2015-03-12,12.2,-4.3,3,12,2015,880.0
2015-03-13,11.4,-3.3,3,13,2015,880.0
2015-03-16,20.5,0.7,3,16,2015,880.0
2015-03-17,23.8,0.9,3,17,2015,880.0
2015-03-18,13.5,8.2,3,18,2015,880.0
2015-03-19,19.1,8.7,3,19,2015,880.0
2015-03-20,21.2,8.5,3,20,2015,880.0
2015-03-23,13.5,0.7,3,23,2015,890.0
2015-03-24,14.0,-1.3,3,24,2015,890.0
2015-03-25,15.5,-1.9,3,25,2015,890.0
2015-03-26,19.2,-1.0,3,26,2015,890.0
2015-03-27,20.6,-0.1,3,27,2015,890.0
2015-03-30,21.6,4.3,3,30,2015,890.0
2015-03-31,14.2,5.6,3,31,2015,890.0
2015-04-01,15.1,9.6,4,1,2015,890.0
2015-04-02,20.8,8.1,4,2,2015,890.0
2015-04-03,23.3,11.9,4,3,2015,930.0
2015-04-06,12.8,9.7,4,6,2015,930.0
2015-04-07,10.7,7.4,4,7,2015,930.0
2015-04-08,12.4,2.7,4,8,2015,930.0
2015-04-09,15.8,2.5,4,9,2015,930.0
2015-04-10,21.0,5.4,4,10,2015,930.0
2015-04-13,12.0,9.1,4,13,2015,930.0
2015-04-14,16.3,6.1,4,14,2015,930.0
2015-04-15,22.5,3.9,4,15,2015,930.0
2015-04-16,20.7,4.4,4,16,2015,940.0
2015-04-17,20.0,1.3,4,17,2015,960.0
2015-04-20,16.7,7.6,4,20,2015,960.0
2015-04-21,21.5,5.2,4,21,2015,960.0
2015-04-22,24.4,6.8,4,22,2015,960.0
2015-04-23,22.6,5.5,4,23,2015,960.0
2015-04-24,23.9,5.6,4,24,2015,910.0
2015-04-27,27.1,7.8,4,27,2015,940.0
2015-04-28,23.3,8.1,4,28,2015,940.0
2015-04-29,17.7,14.0,4,29,2015,940.0
2015-04-30,24.1,12.6,4,30,2015,940.0
2015-05-04,24.9,14.6,5,4,2015,970.0
2015-05-06,23.3,7.2,5,6,2015,990.0
2015-05-07,26.6,10.1,5,7,2015,990.0
2015-05-08,26.6,9.1,5,8,2015,990.0
2015-05-11,21.1,10.8,5,11,2015,970.0
2015-05-12,20.8,13.5,5,12,2015,990.0
2015-05-13,27.2,10.2,5,13,2015,990.0
2015-05-14,24.1,11.2,5,14,2015,990.0
2015-05-15,28.4,14.4,5,15,2015,990.0
2015-05-18,15.6,12.2,5,18,2015,1060.0
2015-05-19,27.5,13.1,5,19,2015,1060.0
2015-05-20,25.7,11.8,5,20,2015,1090.0
2015-05-21,28.6,9.2,5,21,2015,1090.0
2015-05-22,29.2,12.7,5,22,2015,1260.0
2015-05-26,34.4,13.3,5,26,2015,1260.0
2015-05-27,31.6,13.4,5,27,2015,1260.0
2015-05-28,29.9,15.0,5,28,2015,1260.0
2015-05-29,30.5,12.2,5,29,2015,1260.0
2015-06-01,30.5,14.3,6,1,2015,1260.0
2015-06-02,26.9,16.3,6,2,2015,1260.0
2015-06-03,30.6,16.4,6,3,2015,1260.0
2015-06-04,30.2,12.0,6,4,2015,1260.0
2015-06-05,19.1,12.4,6,5,2015,1260.0
2015-06-08,23.6,14.6,6,8,2015,1240.0
2015-06-09,29.9,18.0,6,9,2015,1240.0
2015-06-10,32.0,17.1,6,10,2015,1240.0
2015-06-11,24.5,17.9,6,11,2015,1240.0
2015-06-12,31.7,19.7,6,12,2015,1240.0
2015-06-15,26.8,21.1,6,15,2015,1240.0
2015-06-16,27.3,20.2,6,16,2015,1240.0
2015-06-17,24.9,19.6,6,17,2015,1240.0
2015-06-18,26.7,18.1,6,18,2015,1240.0
2015-06-19,28.9,19.8,6,19,2015,1240.0
2015-06-22,26.8,17.5,6,22,2015,1280.0
2015-06-23,29.1,17.4,6,23,2015,1280.0
2015-06-24,27.5,19.2,6,24,2015,1300.0
2015-06-25,27.6,17.3,6,25,2015,1300.0
2015-06-26,27.3,19.4,6,26,2015,1300.0
2015-06-29,30.5,17.4,6,29,2015,1300.0
2015-06-30,24.2,18.5,6,30,2015,1300.0
2015-07-01,30.3,18.7,7,1,2015,1300.0
2015-07-02,29.6,16.3,7,2,2015,1300.0
2015-07-03,30.8,17.2,7,3,2015,1300.0
2015-07-06,26.1,17.6,7,6,2015,1300.0
2015-07-07,20.8,18.2,7,7,2015,1290.0
2015-07-08,22.5,18.2,7,8,2015,1290.0
2015-07-09,25.7,19.9,7,9,2015,1290.0
2015-07-10,31.4,19.8,7,10,2015,1290.0
2015-07-13,26.3,21.8,7,13,2015,1290.0
2015-07-14,31.0,19.5,7,14,2015,1310.0
2015-07-15,32.9,21.4,7,15,2015,1310.0
2015-07-16,25.3,20.3,7,16,2015,1310.0
2015-07-17,25.8,19.0,7,17,2015,1310.0
2015-07-20,28.8,21.6,7,20,2015,1310.0
2015-07-21,29.1,21.2,7,21,2015,1310.0
2015-07-22,28.9,23.4,7,22,2015,1310.0
2015-07-23,29.8,24.1,7,23,2015,1310.0
2015-07-24,28.3,25.3,7,24,2015,1310.0
2015-07-27,35.6,23.7,7,27,2015,1310.0
2015-07-28,34.9,25.3,7,28,2015,1310.0
2015-07-29,33.5,24.8,7,29,2015,1310.0
2015-07-30,34.6,24.7,7,30,2015,1310.0
2015-07-31,35.6,24.1,7,31,2015,1310.0
2015-08-03,32.5,23.9,8,3,2015,1310.0
2015-08-04,34.5,21.9,8,4,2015,1310.0
2015-08-05,35.8,22.6,8,5,2015,1310.0
2015-08-06,36.1,23.1,8,6,2015,1310.0
2015-08-07,36.5,22.4,8,7,2015,1330.0
2015-08-10,34.5,23.6,8,10,2015,1280.0
2015-08-11,30.5,21.4,8,11,2015,1280.0
2015-08-12,24.2,20.0,8,12,2015,1260.0
2015-08-13,32.2,20.9,8,13,2015,1260.0
2015-08-17,32.5,21.3,8,17,2015,1260.0
2015-08-18,28.5,20.3,8,18,2015,1260.0
2015-08-19,30.1,22.3,8,19,2015,1260.0
2015-08-20,26.2,21.2,8,20,2015,1260.0
2015-08-21,28.1,20.6,8,21,2015,1260.0
2015-08-24,28.3,22.1,8,24,2015,1260.0
2015-08-25,23.6,19.4,8,25,2015,1290.0
2015-08-26,29.1,18.4,8,26,2015,1290.0
2015-08-27,30.4,19.4,8,27,2015,1320.0
2015-08-28,29.8,19.8,8,28,2015,1330.0
2015-08-31,28.7,20.6,8,31,2015,1330.0
2015-09-01,27.2,20.9,9,1,2015,1330.0
2015-09-02,27.8,19.8,9,2,2015,1350.0
2015-09-03,29.8,20.0,9,3,2015,1350.0
2015-09-04,30.8,19.2,9,4,2015,1400.0
2015-09-07,26.6,17.5,9,7,2015,1380.0
2015-09-08,26.6,14.0,9,8,2015,1380.0
2015-09-09,28.3,14.9,9,9,2015,1370.0
2015-09-10,28.3,12.8,9,10,2015,1370.0
2015-09-11,29.0,14.2,9,11,2015,1350.0
2015-09-14,27.7,12.6,9,14,2015,1390.0
2015-09-15,25.8,11.6,9,15,2015,1390.0
2015-09-16,25.1,11.9,9,16,2015,1360.0
2015-09-17,19.8,16.8,9,17,2015,1400.0
2015-09-18,26.4,15.1,9,18,2015,1420.0
2015-09-21,28.6,15.1,9,21,2015,1410.0
2015-09-22,28.3,13.5,9,22,2015,1410.0
2015-09-23,20.5,13.3,9,23,2015,1440.0
2015-09-24,24.3,18.4,9,24,2015,1510.0
2015-09-25,25.8,17.5,9,25,2015,1510.0
2015-09-30,23.2,14.4,9,30,2015,1510.0
2015-10-01,25.4,16.3,10,1,2015,1510.0
2015-10-02,23.2,8.1,10,2,2015,1530.0
2015-10-05,25.0,11.3,10,5,2015,1490.0
2015-10-06,26.3,9.3,10,6,2015,1490.0
2015-10-07,26.7,10.2,10,7,2015,1490.0
2015-10-08,24.0,9.9,10,8,2015,1490.0
2015-10-12,20.4,8.0,10,12,2015,1470.0
2015-10-13,23.4,4.7,10,13,2015,1420.0
2015-10-14,25.6,5.3,10,14,2015,1400.0
2015-10-15,24.9,8.9,10,15,2015,1300.0
2015-10-16,25.2,10.3,10,16,2015,1300.0
2015-10-19,25.5,8.3,10,19,2015,1280.0
2015-10-20,25.9,10.9,10,20,2015,1280.0
2015-10-21,25.7,11.5,10,21,2015,1280.0
2015-10-22,23.4,11.7,10,22,2015,1240.0
2015-10-23,23.7,10.7,10,23,2015,1240.0
2015-10-26,20.6,7.4,10,26,2015,1220.0
2015-10-27,21.4,8.0,10,27,2015,1200.0
2015-10-28,18.5,4.9,10,28,2015,1200.0
2015-10-29,18.6,5.3,10,29,2015,1160.0
2015-10-30,16.5,4.8,10,30,2015,1140.0
2015-11-02,17.8,4.9,11,2,2015,1140.0
2015-11-03,21.6,2.1,11,3,2015,1140.0
2015-11-04,21.9,2.8,11,4,2015,1110.0
2015-11-05,22.3,6.0,11,5,2015,1130.0
2015-11-06,21.4,7.0,11,6,2015,1130.0
2015-11-09,18.1,9.2,11,9,2015,1130.0
2015-11-10,16.9,7.6,11,10,2015,1160.0
2015-11-11,19.6,6.9,11,11,2015,1150.0
2015-11-12,19.6,11.0,11,12,2015,1110.0
2015-11-13,14.3,11.6,11,13,2015,1110.0
2015-11-16,17.9,8.1,11,16,2015,1110.0
2015-11-17,17.3,14.3,11,17,2015,1130.0
2015-11-18,15.0,11.2,11,18,2015,1130.0
2015-11-19,15.3,11.1,11,19,2015,1130.0
2015-11-20,20.6,8.0,11,20,2015,1130.0
2015-11-23,15.9,10.7,11,23,2015,1130.0
2015-11-24,15.7,8.0,11,24,2015,1150.0
2015-11-25,9.5,6.3,11,25,2015,1190.0
2015-11-26,7.8,1.3,11,26,2015,1170.0
2015-11-27,9.1,-1.4,11,27,2015,1110.0
2015-11-30,15.2,2.2,11,30,2015,1090.0
2015-12-01,15.1,0.0,12,1,2015,1110.0
2015-12-02,12.0,2.3,12,2,2015,1080.0
2015-12-03,9.3,1.5,12,3,2015,1030.0
2015-12-07,14.6,-3.0,12,7,2015,1010.0
2015-12-08,15.3,2.6,12,8,2015,1010.0
2015-12-09,13.5,1.7,12,9,2015,1010.0
2015-12-10,12.5,8.1,12,10,2015,1000.0
2015-12-11,12.2,6.0,12,11,2015,1000.0
2015-12-14,10.6,2.1,12,14,2015,1000.0
2015-12-15,11.8,3.7,12,15,2015,1020.0
2015-12-16,7.9,-2.5,12,16,2015,1020.0
2015-12-17,3.8,-4.0,12,17,2015,1020.0
2015-12-18,7.3,-6.9,12,18,2015,1000.0
2015-12-21,13.2,0.9,12,21,2015,1000.0
2015-12-22,11.8,-1.0,12,22,2015,1000.0
2015-12-23,11.7,4.9,12,23,2015,1000.0
2015-12-24,13.0,1.9,12,24,2015,1000.0
2015-12-28,5.6,-6.8,12,28,2015,970.0
2015-12-29,8.1,-6.6,12,29,2015,970.0
2015-12-30,8.4,-6.4,12,30,2015,990.0
2015-12-31,8.4,-3.5,12,31,2015,990.0
2016-01-04,14.2,-2.5,1,4,2016,1010.0
2016-01-05,7.0,-3.1,1,5,2016,1020.0
2016-01-06,7.8,-1.6,1,6,2016,1020.0
2016-01-07,7.4,-3.9,1,7,2016,1020.0
2016-01-08,6.4,-4.0,1,8,2016,1020.0
2016-01-11,7.7,-3.7,1,11,2016,1010.0
2016-01-12,6.8,-5.0,1,12,2016,1010.0
2016-01-13,5.3,-8.0,1,13,2016,1010.0
2016-01-14,5.7,-6.3,1,14,2016,990.0
2016-01-15,8.5,-7.8,1,15,2016,990.0
2016-01-18,6.3,-5.1,1,18,2016,990.0
2016-01-19,0.0,-6.7,1,19,2016,980.0
2016-01-20,0.8,-8.7,1,20,2016,980.0
2016-01-21,2.5,-6.4,1,21,2016,980.0
2016-01-22,5.0,-5.2,1,22,2016,980.0
2016-01-25,2.4,-12.9,1,25,2016,980.0
2016-01-26,6.8,-10.7,1,26,2016,980.0
2016-01-27,9.5,-7.8,1,27,2016,1010.0
2016-01-28,3.9,-5.1,1,28,2016,1010.0
2016-01-29,4.7,2.3,1,29,2016,1010.0
2016-02-01,5.6,-2.4,2,1,2016,1040.0
2016-02-02,6.3,-5.3,2,2,2016,1040.0
2016-02-03,6.8,-6.9,2,3,2016,1010.0
2016-02-04,6.9,-7.1,2,4,2016,1010.0
2016-02-05,8.8,-4.8,2,5,2016,1010.0
2016-02-11,15.2,-2.9,2,11,2016,1010.0
2016-02-12,14.3,5.1,2,12,2016,1010.0
2016-02-15,2.9,-4.1,2,15,2016,1010.0
2016-02-16,6.2,-6.1,2,16,2016,1020.0
2016-02-17,8.7,-3.0,2,17,2016,1020.0
2016-02-18,10.5,-5.4,2,18,2016,1020.0
2016-02-19,13.6,-3.0,2,19,2016,1020.0
2016-02-22,8.9,-2.9,2,22,2016,1020.0
2016-02-23,12.0,0.4,2,23,2016,1020.0
2016-02-24,6.5,-1.9,2,24,2016,1020.0
2016-02-25,7.9,-5.3,2,25,2016,1020.0
2016-02-26,9.6,-5.5,2,26,2016,1020.0
2016-03-02,12.6,-4.7,3,2,2016,1020.0
2016-03-03,17.2,-3.6,3,3,2016,1020.0
2016-03-04,10.8,5.2,3,4,2016,1020.0
2016-03-07,17.9,7.2,3,7,2016,1020.0
2016-03-08,11.0,5.0,3,8,2016,1020.0
2016-03-09,12.5,1.2,3,9,2016,1020.0
2016-03-10,9.2,0.5,3,10,2016,1020.0
2016-03-11,8.4,-3.4,3,11,2016,1020.0
2016-03-14,13.3,-0.3,3,14,2016,1000.0
2016-03-15,14.8,-1.5,3,15,2016,1030.0
2016-03-16,19.3,2.9,3,16,2016,1030.0
2016-03-17,20.2,-0.1,3,17,2016,1030.0
2016-03-18,12.6,7.7,3,18,2016,1030.0
2016-03-21,16.9,4.6,3,21,2016,1030.0
2016-03-22,21.6,0.8,3,22,2016,1030.0
2016-03-23,16.3,5.6,3,23,2016,1010.0
2016-03-24,14.0,4.6,3,24,2016,1010.0
2016-03-25,11.0,4.2,3,25,2016,1010.0
2016-03-28,19.2,0.1,3,28,2016,1010.0
2016-03-29,17.8,1.8,3,29,2016,1010.0
2016-03-30,22.9,6.1,3,30,2016,1040.0
2016-03-31,21.6,5.2,3,31,2016,1040.0
2016-04-01,25.9,4.3,4,1,2016,1050.0
2016-04-04,12.8,9.5,4,4,2016,1050.0
2016-04-05,22.1,8.6,4,5,2016,1070.0
2016-04-06,22.4,6.9,4,6,2016,1100.0
2016-04-07,17.3,9.3,4,7,2016,1120.0
2016-04-08,24.2,6.9,4,8,2016,1120.0
2016-04-11,13.6,4.8,4,11,2016,1130.0
2016-04-12,18.9,3.1,4,12,2016,1130.0
2016-04-14,26.5,11.1,4,14,2016,1130.0
2016-04-15,21.8,7.5,4,15,2016,1190.0
2016-04-18,22.2,9.3,4,18,2016,1170.0
2016-04-19,22.4,7.2,4,19,2016,1170.0
2016-04-20,21.8,5.2,4,20,2016,1170.0
2016-04-21,17.4,10.7,4,21,2016,1170.0
2016-04-22,26.3,9.6,4,22,2016,1150.0
2016-04-25,26.3,8.8,4,25,2016,1140.0
2016-04-26,26.8,7.0,4,26,2016,1140.0
2016-04-27,13.2,9.9,4,27,2016,1170.0
2016-04-28,19.4,10.7,4,28,2016,1170.0
2016-04-29,21.2,9.7,4,29,2016,1150.0
2016-05-02,25.1,8.0,5,2,2016,1150.0
2016-05-03,21.4,14.5,5,3,2016,1170.0
2016-05-04,26.2,12.8,5,4,2016,1170.0
2016-05-09,24.0,14.5,5,9,2016,1170.0
2016-05-10,18.4,12.7,5,10,2016,1210.0
2016-05-11,22.6,11.7,5,11,2016,1260.0
2016-05-12,25.5,9.6,5,12,2016,1450.0
2016-05-13,24.9,9.4,5,13,2016,1460.0
2016-05-16,23.2,9.5,5,16,2016,1460.0
2016-05-17,28.9,6.3,5,17,2016,1460.0
2016-05-18,31.6,11.1,5,18,2016,1440.0
2016-05-19,29.6,9.5,5,19,2016,1410.0
2016-05-20,29.9,10.1,5,20,2016,1410.0
2016-05-23,29.4,10.9,5,23,2016,1410.0
2016-05-24,21.3,16.5,5,24,2016,1410.0
2016-05-25,28.9,14.2,5,25,2016,1410.0
2016-05-26,29.9,14.1,5,26,2016,1360.0
2016-05-27,30.0,19.0,5,27,2016,1360.0
2016-05-30,32.5,13.9,5,30,2016,1360.0
2016-05-31,32.6,15.2,5,31,2016,1360.0
2016-06-01,27.1,16.0,6,1,2016,1340.0
2016-06-02,30.0,12.0,6,2,2016,1320.0
2016-06-03,30.7,12.7,6,3,2016,1320.0
2016-06-07,27.1,18.2,6,7,2016,1340.0
2016-06-08,25.9,18.8,6,8,2016,1340.0
2016-06-09,29.6,19.4,6,9,2016,1330.0
2016-06-10,29.8,18.6,6,10,2016,1330.0
2016-06-13,28.1,21.1,6,13,2016,1330.0
2016-06-14,26.3,20.1,6,14,2016,1330.0
2016-06-15,24.8,18.4,6,15,2016,1330.0
2016-06-16,30.6,20.8,6,16,2016,1270.0
2016-06-17,33.0,17.0,6,17,2016,1270.0
2016-06-20,30.3,20.5,6,20,2016,1260.0
2016-06-21,25.5,21.3,6,21,2016,1260.0
2016-06-22,25.1,20.5,6,22,2016,1250.0
2016-06-23,31.4,19.5,6,23,2016,1290.0
2016-06-24,26.2,20.0,6,24,2016,1290.0
2016-06-27,26.6,18.5,6,27,2016,1290.0
2016-06-28,26.5,18.9,6,28,2016,1290.0
2016-06-29,27.1,18.7,6,29,2016,1290.0
2016-06-30,29.7,19.9,6,30,2016,1290.0
2016-07-01,26.5,22.9,7,1,2016,1290.0
2016-07-04,27.4,21.5,7,4,2016,1290.0
2016-07-05,29.8,23.9,7,5,2016,1270.0
2016-07-06,30.4,23.8,7,6,2016,1270.0
2016-07-07,33.2,22.8,7,7,2016,1250.0
2016-07-08,31.7,21.6,7,8,2016,1250.0
2016-07-11,29.2,23.7,7,11,2016,1250.0
2016-07-12,28.7,23.7,7,12,2016,1250.0
2016-07-13,32.7,22.7,7,13,2016,1250.0
2016-07-14,33.8,21.5,7,14,2016,1250.0
2016-07-15,30.6,20.7,7,15,2016,1250.0
2016-07-18,31.4,21.0,7,18,2016,1250.0
2016-07-19,30.1,22.8,7,19,2016,1250.0
2016-07-20,31.8,21.2,7,20,2016,1250.0
2016-07-21,30.4,20.8,7,21,2016,1230.0
2016-07-22,31.8,21.0,7,22,2016,1230.0
2016-07-25,33.6,23.8,7,25,2016,1230.0
2016-07-26,32.9,24.6,7,26,2016,1230.0
2016-07-27,34.3,24.1,7,27,2016,1280.0
2016-07-28,32.5,26.9,7,28,2016,1320.0
2016-07-29,34.1,25.7,7,29,2016,1340.0
2016-08-01,35.8,23.5,8,1,2016,1450.0
2016-08-02,33.8,23.1,8,2,2016,1450.0
2016-08-03,31.9,22.4,8,3,2016,1530.0
2016-08-04,33.7,23.5,8,4,2016,1560.0
2016-08-05,34.8,23.5,8,5,2016,1560.0
2016-08-08,35.7,24.5,8,8,2016,1560.0
2016-08-09,33.0,23.7,8,9,2016,1560.0
2016-08-10,35.4,22.8,8,10,2016,1580.0
2016-08-11,37.7,24.1,8,11,2016,1580.0
2016-08-12,38.3,25.1,8,12,2016,1580.0
2016-08-16,33.3,24.2,8,16,2016,1680.0
2016-08-17,33.9,23.4,8,17,2016,1790.0
2016-08-18,34.6,23.9,8,18,2016,1960.0
2016-08-19,35.9,22.0,8,19,2016,1990.0
2016-08-22,35.1,22.7,8,22,2016,2120.0
2016-08-23,34.5,22.3,8,23,2016,2140.0
2016-08-24,34.9,20.5,8,24,2016,2140.0
2016-08-25,35.4,19.5,8,25,2016,2140.0
2016-08-26,26.6,19.4,8,26,2016,2140.0
2016-08-29,26.8,16.2,8,29,2016,2140.0
2016-08-30,26.9,14.6,8,30,2016,2140.0
2016-08-31,30.2,20.8,8,31,2016,2110.0
2016-09-01,30.4,21.3,9,1,2016,2110.0
2016-09-02,24.5,19.2,9,2,2016,2050.0
2016-09-05,28.7,22.8,9,5,2016,2080.0
2016-09-06,30.8,23.1,9,6,2016,2080.0
2016-09-07,29.6,21.0,9,7,2016,2060.0
2016-09-08,30.4,17.7,9,8,2016,2060.0
2016-09-09,30.6,19.6,9,9,2016,2060.0
2016-09-12,23.1,19.4,9,12,2016,2060.0
2016-09-13,30.0,17.3,9,13,2016,2100.0
2016-09-19,24.5,20.2,9,19,2016,2020.0
2016-09-20,25.2,13.6,9,20,2016,2000.0
2016-09-21,24.9,12.6,9,21,2016,1980.0
2016-09-22,24.2,16.1,9,22,2016,1980.0
2016-09-23,27.6,13.5,9,23,2016,1980.0
2016-09-26,27.3,19.2,9,26,2016,1980.0
2016-09-27,28.9,21.6,9,27,2016,1980.0
2016-09-28,26.2,20.6,9,28,2016,1980.0
2016-09-29,20.8,16.0,9,29,2016,1910.0
2016-09-30,19.2,15.8,9,30,2016,1910.0
2016-10-04,29.0,18.1,10,4,2016,2020.0
2016-10-05,26.8,17.4,10,5,2016,2020.0
2016-10-06,28.6,15.9,10,6,2016,2160.0
2016-10-07,25.3,15.7,10,7,2016,2160.0
2016-10-10,21.8,10.3,10,10,2016,2300.0
2016-10-11,20.0,12.2,10,11,2016,2300.0
2016-10-12,23.9,10.7,10,12,2016,2280.0
2016-10-13,21.4,12.6,10,13,2016,2280.0
2016-10-14,24.8,11.2,10,14,2016,2280.0
2016-10-17,26.5,15.7,10,17,2016,2280.0
2016-10-18,24.7,13.0,10,18,2016,2280.0
2016-10-19,24.2,13.1,10,19,2016,2250.0
2016-10-20,24.4,11.3,10,20,2016,2250.0
2016-10-21,19.1,13.6,10,21,2016,2250.0
2016-10-24,21.5,10.8,10,24,2016,2250.0
2016-10-25,20.1,10.5,10,25,2016,2250.0
2016-10-26,21.9,10.9,10,26,2016,2250.0
2016-10-27,20.2,10.3,10,27,2016,2270.0
2016-10-28,16.3,13.7,10,28,2016,2270.0
2016-10-31,11.2,4.5,10,31,2016,2300.0
2016-11-01,12.6,1.5,11,1,2016,2320.0
2016-11-02,13.8,-1.4,11,2,2016,2360.0
2016-11-03,16.0,-0.2,11,3,2016,2430.0
2016-11-04,18.1,0.6,11,4,2016,2520.0
2016-11-07,18.4,7.9,11,7,2016,2570.0
2016-11-08,16.2,3.9,11,8,2016,2690.0
2016-11-09,14.4,2.1,11,9,2016,2780.0
2016-11-10,16.4,5.0,11,10,2016,2970.0
2016-11-11,17.6,2.7,11,11,2016,2990.0
2016-11-14,19.5,12.6,11,14,2016,3070.0
2016-11-15,18.9,5.6,11,15,2016,3180.0
2016-11-16,15.7,0.7,11,16,2016,3280.0
2016-11-17,17.8,4.1,11,17,2016,3260.0
2016-11-18,18.3,3.5,11,18,2016,3330.0
2016-11-21,16.3,7.4,11,21,2016,3330.0
2016-11-22,18.7,5.6,11,22,2016,3330.0
2016-11-23,11.1,3.5,11,23,2016,3280.0
2016-11-24,8.7,-0.6,11,24,2016,3180.0
2016-11-25,10.1,-2.4,11,25,2016,3230.0
2016-11-28,11.3,-1.1,11,28,2016,3230.0
2016-11-29,12.3,-1.2,11,29,2016,3230.0
2016-11-30,12.1,2.6,11,30,2016,3250.0
2016-12-01,13.4,0.4,12,1,2016,3250.0
2016-12-05,15.5,-1.4,12,5,2016,3230.0
2016-12-06,10.3,-3.2,12,6,2016,3230.0
2016-12-07,9.2,-5.2,12,7,2016,3230.0
2016-12-08,12.3,-3.3,12,8,2016,3260.0
2016-12-09,13.1,0.0,12,9,2016,3260.0
2016-12-12,10.1,-2.5,12,12,2016,3270.0
2016-12-13,11.6,2.0,12,13,2016,3270.0
2016-12-14,8.4,0.3,12,14,2016,3270.0
2016-12-15,6.0,-3.4,12,15,2016,3270.0
2016-12-16,6.1,-6.2,12,16,2016,3290.0
2016-12-19,7.9,2.0,12,19,2016,3310.0
2016-12-20,15.6,3.7,12,20,2016,3310.0
2016-12-21,16.5,2.1,12,21,2016,3330.0
2016-12-22,18.6,6.2,12,22,2016,3330.0
2016-12-23,7.5,1.7,12,23,2016,3350.0
2016-12-26,7.8,5.6,12,26,2016,3350.0
2016-12-27,8.6,-1.1,12,27,2016,3380.0
2016-12-28,9.1,-3.9,12,28,2016,3380.0
2016-12-29,5.7,-4.0,12,29,2016,3410.0
2016-12-30,7.8,-5.4,12,30,2016,3430.0
2017-01-02,15.3,-1.3,1,2,2017,3430.0
2017-01-03,13.2,-2.2,1,3,2017,3410.0
2017-01-04,11.4,-3.2,1,4,2017,3410.0
2017-01-05,11.0,-1.1,1,5,2017,3460.0
2017-01-06,12.2,0.0,1,6,2017,3440.0
2017-01-09,10.9,-1.2,1,9,2017,3390.0
2017-01-10,7.5,-4.2,1,10,2017,3390.0
2017-01-11,5.1,-3.2,1,11,2017,3390.0
2017-01-12,9.3,-4.7,1,12,2017,3420.0
2017-01-13,6.4,-4.4,1,13,2017,3370.0
2017-01-16,6.9,-7.5,1,16,2017,3290.0
2017-01-17,8.0,-7.9,1,17,2017,3310.0
2017-01-18,8.5,-4.3,1,18,2017,3310.0
2017-01-19,10.0,-4.6,1,19,2017,3180.0
2017-01-20,4.6,-5.2,1,20,2017,3140.0
2017-01-23,2.2,-8.8,1,23,2017,3140.0
2017-01-24,4.2,-10.4,1,24,2017,3110.0
2017-01-25,7.2,-9.7,1,25,2017,3060.0
2017-01-26,9.6,-10.3,1,26,2017,2970.0
2017-01-31,8.1,-6.2,1,31,2017,2970.0
2017-02-01,7.8,-3.9,2,1,2017,2920.0
2017-02-02,10.1,-5.3,2,2,2017,2920.0
2017-02-03,10.9,-4.6,2,3,2017,2800.0
2017-02-06,7.9,-1.9,2,6,2017,2690.0
2017-02-07,10.0,-3.1,2,7,2017,2640.0
2017-02-08,10.0,-3.3,2,8,2017,2640.0
2017-02-09,4.6,-3.8,2,9,2017,2570.0
2017-02-10,2.2,-8.2,2,10,2017,2520.0
2017-02-13,9.7,-6.0,2,13,2017,2520.0
2017-02-14,10.1,-2.9,2,14,2017,2520.0
2017-02-15,13.9,-6.3,2,15,2017,2480.0
2017-02-16,16.0,-5.5,2,16,2017,2440.0
2017-02-17,16.5,2.7,2,17,2017,2390.0
2017-02-20,14.7,-0.3,2,20,2017,2310.0
2017-02-21,11.0,-4.0,2,21,2017,2310.0
2017-02-22,5.6,-1.4,2,22,2017,2150.0
2017-02-23,7.4,-0.3,2,23,2017,2150.0
2017-02-24,8.0,-3.1,2,24,2017,2200.0
2017-02-27,12.6,-2.1,2,27,2017,2040.0
2017-02-28,14.7,0.3,2,28,2017,2040.0
2017-03-02,9.9,0.0,3,2,2017,1990.0
2017-03-03,13.6,-2.5,3,3,2017,1990.0
2017-03-06,9.9,-0.2,3,6,2017,1920.0
2017-03-07,8.4,-4.9,3,7,2017,1920.0
2017-03-08,8.6,-6.6,3,8,2017,1920.0
2017-03-09,13.7,-4.1,3,9,2017,1920.0
2017-03-10,14.5,-1.8,3,10,2017,1890.0
2017-03-13,17.3,1.9,3,13,2017,1890.0
2017-03-14,15.2,5.6,3,14,2017,1820.0
2017-03-15,13.9,-1.6,3,15,2017,1750.0
2017-03-16,13.9,-1.0,3,16,2017,1660.0
2017-03-17,17.5,-0.9,3,17,2017,1630.0
2017-03-20,14.4,1.2,3,20,2017,1590.0
2017-03-21,16.7,2.1,3,21,2017,1530.0
2017-03-22,15.4,-0.9,3,22,2017,1530.0
2017-03-23,18.2,5.2,3,23,2017,1530.0
2017-03-24,13.7,5.3,3,24,2017,1500.0
2017-03-27,11.7,1.5,3,27,2017,1480.0
2017-03-28,15.5,-1.4,3,28,2017,1480.0
2017-03-29,10.2,5.6,3,29,2017,1540.0
2017-03-30,21.3,3.6,3,30,2017,1560.0
2017-03-31,13.2,8.4,3,31,2017,1610.0
2017-04-03,23.4,-0.2,4,3,2017,1650.0
2017-04-04,23.6,1.5,4,4,2017,1620.0
2017-04-05,15.8,9.5,4,5,2017,1600.0
2017-04-06,18.3,12.6,4,6,2017,1640.0
2017-04-07,25.4,7.9,4,7,2017,1640.0
2017-04-10,20.6,6.7,4,10,2017,1810.0
2017-04-11,20.1,9.2,4,11,2017,1900.0
2017-04-12,20.7,5.5,4,12,2017,1930.0
2017-04-13,21.7,2.9,4,13,2017,2000.0
2017-04-14,20.6,4.4,4,14,2017,2060.0
2017-04-17,18.6,9.9,4,17,2017,2030.0
2017-04-18,21.1,7.9,4,18,2017,1970.0
2017-04-19,24.0,5.7,4,19,2017,1970.0
2017-04-20,21.8,9.5,4,20,2017,1970.0
2017-04-21,23.3,8.6,4,21,2017,1970.0
2017-04-24,22.8,4.6,4,24,2017,1930.0
2017-04-25,23.4,12.0,4,25,2017,1930.0
2017-04-26,18.8,11.4,4,26,2017,1950.0
2017-04-27,22.2,5.4,4,27,2017,1900.0
2017-04-28,24.2,2.8,4,28,2017,1790.0
2017-05-02,25.5,7.1,5,2,2017,1740.0
2017-05-04,26.7,7.4,5,4,2017,1630.0
2017-05-08,26.9,8.0,5,8,2017,1570.0
2017-05-10,23.9,11.9,5,10,2017,1530.0
2017-05-11,29.6,11.1,5,11,2017,1530.0
2017-05-12,19.1,14.8,5,12,2017,1470.0
2017-05-15,25.6,9.4,5,15,2017,1400.0
2017-05-16,25.3,9.3,5,16,2017,1400.0
2017-05-17,26.6,11.5,5,17,2017,1320.0
2017-05-18,30.1,11.0,5,18,2017,1320.0
2017-05-19,32.8,11.6,5,19,2017,1370.0
2017-05-22,30.0,11.5,5,22,2017,1370.0
2017-05-23,27.8,11.8,5,23,2017,1370.0
2017-05-24,26.1,16.4,5,24,2017,1370.0
2017-05-25,31.5,17.1,5,25,2017,1350.0
2017-05-26,25.1,11.3,5,26,2017,1350.0
2017-05-29,36.5,14.1,5,29,2017,1350.0
2017-05-30,33.9,15.6,5,30,2017,1350.0
2017-05-31,29.9,17.1,5,31,2017,1350.0
2017-06-01,31.1,16.7,6,1,2017,1350.0
2017-06-02,30.0,13.4,6,2,2017,1350.0
2017-06-05,29.0,12.1,6,5,2017,1350.0
2017-06-07,24.4,17.0,6,7,2017,1350.0
2017-06-08,29.5,15.8,6,8,2017,1350.0
2017-06-09,31.6,15.0,6,9,2017,1350.0
2017-06-12,24.3,15.4,6,12,2017,1330.0
2017-06-13,27.6,15.0,6,13,2017,1320.0
2017-06-14,30.0,14.6,6,14,2017,1310.0
2017-06-15,34.0,15.4,6,15,2017,1250.0
2017-06-16,29.6,18.1,6,16,2017,1250.0
2017-06-19,34.4,17.5,6,19,2017,1250.0
2017-06-20,27.2,19.0,6,20,2017,1250.0
2017-06-21,30.6,18.1,6,21,2017,1250.0
2017-06-22,30.8,17.3,6,22,2017,1230.0
2017-06-23,31.5,19.0,6,23,2017,1230.0
2017-06-26,27.0,20.4,6,26,2017,1230.0
2017-06-27,28.5,19.0,6,27,2017,1140.0
2017-06-28,31.4,18.7,6,28,2017,1140.0
2017-06-29,26.7,19.9,6,29,2017,1140.0
2017-06-30,29.4,21.1,6,30,2017,1170.0
2017-07-03,29.7,26.4,7,3,2017,1170.0
2017-07-04,33.6,24.4,7,4,2017,1170.0
2017-07-05,31.6,24.0,7,5,2017,1170.0
2017-07-06,30.5,23.9,7,6,2017,1170.0
2017-07-07,29.2,22.8,7,7,2017,1125.0
2017-07-10,29.8,26.6,7,10,2017,1125.0
2017-07-11,31.1,24.4,7,11,2017,1120.0
2017-07-12,36.8,22.7,7,12,2017,1120.0
2017-07-13,36.3,22.7,7,13,2017,1120.0
2017-07-14,35.1,23.2,7,14,2017,1120.0
2017-07-17,34.7,23.2,7,17,2017,1120.0
2017-07-18,33.1,23.2,7,18,2017,1120.0
2017-07-19,36.6,23.6,7,19,2017,1120.0
2017-07-20,35.2,23.5,7,20,2017,1120.0
2017-07-21,38.8,25.6,7,21,2017,1120.0
2017-07-24,35.4,26.4,7,24,2017,1120.0
2017-07-25,32.0,24.9,7,25,2017,1120.0
2017-07-26,32.4,22.6,7,26,2017,1120.0
2017-07-27,33.3,18.7,7,27,2017,1120.0
2017-07-28,33.7,20.7,7,28,2017,1120.0
2017-07-31,32.1,23.8,7,31,2017,1120.0
2017-08-01,34.5,24.8,8,1,2017,1120.0
2017-08-02,32.2,24.0,8,2,2017,1110.0
2017-08-03,33.2,21.0,8,3,2017,1110.0
2017-08-04,35.7,24.6,8,4,2017,1110.0
2017-08-07,38.1,25.6,8,7,2017,1110.0
2017-08-08,33.4,24.2,8,8,2017,1110.0
2017-08-09,30.5,25.8,8,9,2017,1110.0
2017-08-10,31.0,24.8,8,10,2017,1110.0
2017-08-11,34.7,21.8,8,11,2017,1100.0
2017-08-14,25.0,21.9,8,14,2017,1100.0
2017-08-16,32.1,24.2,8,16,2017,1100.0
2017-08-17,32.2,23.6,8,17,2017,1100.0
2017-08-18,32.3,22.5,8,18,2017,1100.0
2017-08-21,30.2,23.8,8,21,2017,1100.0
2017-08-22,32.2,24.1,8,22,2017,1100.0
2017-08-23,33.2,24.3,8,23,2017,1100.0
2017-08-24,34.0,25.8,8,24,2017,1100.0
2017-08-25,34.5,21.9,8,25,2017,1100.0
2017-08-28,32.9,17.3,8,28,2017,1100.0
2017-08-29,33.4,21.4,8,29,2017,1100.0
2017-08-30,29.3,18.9,8,30,2017,1120.0
2017-08-31,30.1,17.9,8,31,2017,1120.0
2017-09-01,28.5,15.9,9,1,2017,1180.0
2017-09-04,29.3,17.2,9,4,2017,1240.0
2017-09-05,25.2,18.4,9,5,2017,1330.0
2017-09-06,25.9,18.4,9,6,2017,1370.0
2017-09-07,27.7,18.1,9,7,2017,1410.0
2017-09-08,31.2,17.5,9,8,2017,1410.0
2017-09-11,23.5,19.5,9,11,2017,1480.0
2017-09-12,31.4,17.9,9,12,2017,1650.0
2017-09-13,29.7,13.7,9,13,2017,1710.0
2017-09-14,29.2,14.2,9,14,2017,1760.0
2017-09-15,25.6,15.2,9,15,2017,1890.0
2017-09-18,30.1,14.3,9,18,2017,2190.0
2017-09-19,29.9,14.4,9,19,2017,2310.0
2017-09-20,27.6,16.1,9,20,2017,2490.0
2017-09-21,27.7,10.5,9,21,2017,2630.0
2017-09-22,27.9,15.1,9,22,2017,2790.0
2017-09-25,31.2,15.4,9,25,2017,2800.0
2017-09-26,29.5,16.0,9,26,2017,2770.0
2017-09-27,20.9,17.6,9,27,2017,2740.0
2017-09-28,27.9,16.1,9,28,2017,2720.0
2017-09-29,24.3,10.7,9,29,2017,2770.0
2017-10-10,30.9,16.1,10,10,2017,2740.0
2017-10-11,25.6,18.5,10,11,2017,2720.0
2017-10-12,19.1,13.6,10,12,2017,2600.0
2017-10-13,22.3,10.0,10,13,2017,2600.0
2017-10-16,20.0,11.8,10,16,2017,2600.0
2017-10-17,23.3,10.2,10,17,2017,2530.0
2017-10-18,20.0,12.4,10,18,2017,2500.0
2017-10-19,22.6,12.3,10,19,2017,2380.0
2017-10-20,23.8,10.6,10,20,2017,2340.0
2017-10-23,20.3,9.3,10,23,2017,2290.0
2017-10-24,18.3,7.3,10,24,2017,2080.0
2017-10-25,21.1,6.8,10,25,2017,2050.0
2017-10-26,21.2,5.0,10,26,2017,2030.0
2017-10-27,23.7,8.5,10,27,2017,1880.0
2017-10-30,17.1,3.5,10,30,2017,1520.0
2017-10-31,20.1,-0.2,10,31,2017,1470.0
2017-11-01,20.8,1.8,11,1,2017,1360.0
2017-11-02,20.7,5.6,11,2,2017,1360.0
2017-11-03,22.7,5.7,11,3,2017,1350.0
2017-11-06,19.8,0.1,11,6,2017,1350.0
2017-11-07,20.1,3.7,11,7,2017,1350.0
2017-11-08,23.4,10.3,11,8,2017,1380.0
2017-11-09,19.9,5.4,11,9,2017,1370.0
2017-11-10,21.8,4.1,11,10,2017,1350.0
2017-11-13,16.9,0.2,11,13,2017,1280.0
2017-11-14,18.0,4.1,11,14,2017,1270.0
2017-11-15,14.6,-1.0,11,15,2017,1210.0
2017-11-16,11.7,-2.5,11,16,2017,1220.0
2017-11-17,14.8,-2.2,11,17,2017,1220.0
2017-11-20,10.5,-1.7,11,20,2017,1250.0
2017-11-21,12.9,-4.1,11,21,2017,1240.0
2017-11-22,12.0,-0.3,11,22,2017,1200.0
2017-11-23,9.4,-2.2,11,23,2017,1200.0
2017-11-24,10.8,-3.9,11,24,2017,1200.0
2017-11-27,16.5,0.3,11,27,2017,1150.0
2017-11-28,18.9,0.7,11,28,2017,1150.0
2017-11-29,17.0,3.2,11,29,2017,1150.0
2017-11-30,10.7,1.0,11,30,2017,1130.0
2017-12-04,10.3,-0.9,12,4,2017,1070.0
2017-12-05,4.6,-6.0,12,5,2017,1010.0
2017-12-06,9.5,-7.8,12,6,2017,960.0
2017-12-07,9.2,-5.3,12,7,2017,960.0
2017-12-08,4.5,-3.5,12,8,2017,930.0
2017-12-11,5.4,-4.0,12,11,2017,930.0
2017-12-12,1.2,-7.9,12,12,2017,930.0
2017-12-13,3.3,-7.8,12,13,2017,930.0
2017-12-14,5.3,-10.3,12,14,2017,910.0
2017-12-15,9.0,-7.3,12,15,2017,910.0
2017-12-18,8.1,-9.0,12,18,2017,900.0
2017-12-19,6.0,-5.1,12,19,2017,900.0
2017-12-20,7.6,-7.0,12,20,2017,900.0
2017-12-21,9.8,-7.0,12,21,2017,890.0
2017-12-22,10.3,-7.5,12,22,2017,890.0
2017-12-26,7.5,-5.8,12,26,2017,890.0
2017-12-27,3.5,-7.3,12,27,2017,890.0
2017-12-28,5.0,-7.4,12,28,2017,890.0
2017-12-29,10.7,-4.1,12,29,2017,890.0
2018-01-02,9.0,-7.0,1,2,2018,890.0
2018-01-03,5.6,-3.6,1,3,2018,860.0
2018-01-04,6.1,-4.2,1,4,2018,860.0
2018-01-05,9.2,-3.2,1,5,2018,860.0
2018-01-08,5.6,0.6,1,8,2018,860.0
2018-01-09,5.4,-3.4,1,9,2018,860.0
2018-01-10,1.4,-5.9,1,10,2018,860.0
2018-01-11,-0.7,-10.1,1,11,2018,860.0
2018-01-12,0.0,-12.1,1,12,2018,880.0
2018-01-15,14.7,-3.0,1,15,2018,890.0
2018-01-16,7.5,-1.9,1,16,2018,890.0
2018-01-17,9.0,0.6,1,17,2018,910.0
2018-01-18,10.0,0.2,1,18,2018,930.0
2018-01-19,11.2,-1.9,1,19,2018,980.0
2018-01-22,7.0,1.0,1,22,2018,960.0
2018-01-23,5.5,-8.0,1,23,2018,960.0
2018-01-24,-3.2,-10.6,1,24,2018,970.0
2018-01-25,-0.9,-11.7,1,25,2018,970.0
2018-01-26,-0.6,-11.6,1,26,2018,970.0
2018-01-29,1.9,-6.6,1,29,2018,970.0
2018-01-30,2.7,-10.6,1,30,2018,970.0
2018-01-31,7.1,-9.7,1,31,2018,970.0
2018-02-01,7.6,-6.1,2,1,2018,970.0
2018-02-02,6.6,-8.1,2,2,2018,970.0
2018-02-05,0.1,-13.2,2,5,2018,1080.0
2018-02-06,-0.5,-14.1,2,6,2018,1100.0
2018-02-07,2.9,-11.8,2,7,2018,1180.0
2018-02-08,7.5,-11.8,2,8,2018,1200.0
2018-02-09,12.2,-8.1,2,9,2018,1230.0
2018-02-12,3.8,-5.9,2,12,2018,1270.0
2018-02-13,7.5,-7.6,2,13,2018,1290.0
2018-02-14,14.6,-7.0,2,14,2018,1300.0
2018-02-19,12.7,-0.8,2,19,2018,1270.0
2018-02-20,12.8,-4.6,2,20,2018,1230.0
2018-02-21,6.8,-2.0,2,21,2018,1200.0
2018-02-22,9.5,-6.8,2,22,2018,1180.0
2018-02-23,12.9,-6.2,2,23,2018,1170.0
2018-02-26,14.8,-4.3,2,26,2018,1170.0
2018-02-27,17.3,-2.8,2,27,2018,1170.0
2018-02-28,12.2,1.7,2,28,2018,1170.0
2018-03-02,11.7,-2.5,3,2,2018,1170.0
2018-03-05,13.9,3.9,3,5,2018,1140.0
2018-03-06,13.2,2.1,3,6,2018,1180.0
2018-03-07,9.0,0.6,3,7,2018,1190.0
2018-03-08,5.2,2.6,3,8,2018,1190.0
2018-03-09,8.9,0.2,3,9,2018,1190.0
2018-03-12,18.2,-0.1,3,12,2018,1090.0
2018-03-13,20.0,0.4,3,13,2018,1090.0
2018-03-14,22.6,3.9,3,14,2018,1080.0
2018-03-15,16.7,11.4,3,15,2018,1080.0
2018-03-16,14.8,-0.9,3,16,2018,1010.0
2018-03-19,12.0,5.5,3,19,2018,980.0
2018-03-20,9.3,3.5,3,20,2018,980.0
2018-03-21,3.6,1.0,3,21,2018,1000.0
2018-03-22,13.6,1.0,3,22,2018,1000.0
2018-03-23,16.0,-0.9,3,23,2018,1000.0
2018-03-26,23.6,2.9,3,26,2018,980.0
2018-03-27,24.0,4.0,3,27,2018,980.0
2018-03-28,24.7,4.5,3,28,2018,980.0
2018-03-29,24.5,7.4,3,29,2018,980.0
2018-03-30,19.9,7.0,3,30,2018,980.0
2018-04-02,24.6,9.2,4,2,2018,990.0
2018-04-03,25.7,9.5,4,3,2018,990.0
2018-04-04,17.4,8.3,4,4,2018,1000.0
2018-04-05,11.3,8.3,4,5,2018,1170.0
2018-04-06,17.8,6.0,4,6,2018,1210.0
2018-04-09,22.0,5.6,4,9,2018,1230.0
2018-04-10,20.8,2.7,4,10,2018,1250.0
2018-04-11,26.6,15.9,4,11,2018,1250.0
2018-04-12,24.9,6.9,4,12,2018,1250.0
2018-04-13,21.0,5.0,4,13,2018,1250.0
2018-04-16,19.8,6.5,4,16,2018,1230.0
2018-04-17,21.5,7.3,4,17,2018,1230.0
2018-04-18,23.8,6.5,4,18,2018,1220.0
2018-04-19,27.9,5.2,4,19,2018,1220.0
2018-04-20,29.8,7.6,4,20,2018,1230.0
2018-04-23,14.2,10.6,4,23,2018,1240.0
2018-04-24,14.5,10.6,4,24,2018,1350.0
2018-04-25,22.8,4.5,4,25,2018,1390.0
2018-04-26,24.4,4.7,4,26,2018,1390.0
2018-04-27,25.0,10.1,4,27,2018,1390.0
2018-04-30,24.8,11.8,4,30,2018,1420.0
2018-05-02,18.7,11.2,5,2,2018,1510.0
2018-05-03,20.7,6.8,5,3,2018,1580.0
2018-05-04,23.7,4.2,5,4,2018,1590.0
2018-05-08,19.4,12.1,5,8,2018,1600.0
2018-05-09,19.2,10.7,5,9,2018,1590.0
2018-05-10,24.9,10.3,5,10,2018,1620.0
2018-05-11,25.0,8.5,5,11,2018,1680.0
2018-05-14,28.7,11.9,5,14,2018,1660.0
2018-05-15,31.6,13.5,5,15,2018,1580.0
2018-05-16,23.5,21.3,5,16,2018,1570.0
2018-05-17,27.1,22.4,5,17,2018,1570.0
2018-05-18,27.4,12.7,5,18,2018,1590.0
2018-05-21,25.0,13.6,5,21,2018,1560.0
2018-05-23,27.7,13.5,5,23,2018,1550.0
2018-05-24,29.9,10.4,5,24,2018,1550.0
2018-05-25,29.1,11.6,5,25,2018,1530.0
2018-05-28,27.1,18.0,5,28,2018,1510.0
2018-05-29,29.2,17.6,5,29,2018,1510.0
2018-05-30,29.8,18.5,5,30,2018,1510.0
2018-05-31,28.7,15.7,5,31,2018,1490.0
2018-06-01,33.5,13.4,6,1,2018,1490.0
2018-06-04,30.9,16.1,6,4,2018,1450.0
2018-06-05,25.2,18.7,6,5,2018,1440.0
2018-06-07,34.8,16.3,6,7,2018,1450.0
2018-06-08,33.1,17.4,6,8,2018,1450.0
2018-06-11,23.2,15.5,6,11,2018,1510.0
2018-06-12,22.8,15.4,6,12,2018,1510.0
2018-06-14,26.9,15.2,6,14,2018,1510.0
2018-06-15,33.7,14.9,6,15,2018,1550.0
2018-06-18,30.5,18.2,6,18,2018,1600.0
2018-06-19,27.4,18.7,6,19,2018,1690.0
2018-06-20,31.4,18.1,6,20,2018,1680.0
2018-06-21,34.0,17.5,6,21,2018,1690.0
2018-06-22,32.4,16.1,6,22,2018,1690.0
2018-06-25,34.9,19.5,6,25,2018,1690.0
2018-06-26,27.1,20.7,6,26,2018,1710.0
2018-06-27,28.8,23.5,6,27,2018,1740.0
2018-06-28,24.4,19.5,6,28,2018,1750.0
2018-06-29,28.8,21.8,6,29,2018,1800.0
2018-07-02,29.8,23.5,7,2,2018,1910.0
2018-07-03,24.7,22.5,7,3,2018,1940.0
2018-07-04,33.6,22.6,7,4,2018,1940.0
2018-07-05,27.6,21.4,7,5,2018,1920.0
2018-07-06,23.0,19.5,7,6,2018,1940.0
2018-07-09,21.9,18.7,7,9,2018,1950.0
2018-07-10,31.4,19.4,7,10,2018,1930.0
2018-07-11,33.6,22.4,7,11,2018,1930.0
2018-07-12,34.9,23.0,7,12,2018,1930.0
2018-07-13,35.2,24.1,7,13,2018,1930.0
2018-07-16,36.5,24.7,7,16,2018,1930.0
2018-07-17,36.4,23.5,7,17,2018,1950.0
2018-07-18,36.4,23.6,7,18,2018,1950.0
2018-07-19,37.3,24.2,7,19,2018,1930.0
2018-07-20,38.2,23.3,7,20,2018,1930.0
2018-07-23,36.3,25.0,7,23,2018,1900.0
2018-07-24,37.1,24.8,7,24,2018,1900.0
2018-07-25,37.7,25.2,7,25,2018,1900.0
2018-07-26,39.9,26.3,7,26,2018,1900.0
2018-07-27,38.6,26.9,7,27,2018,1900.0
2018-07-30,34.7,25.1,7,30,2018,1870.0
2018-07-31,36.3,25.5,7,31,2018,1890.0
2018-08-01,36.4,23.9,8,1,2018,1890.0
2018-08-02,36.6,24.0,8,2,2018,1890.0
2018-08-03,35.2,24.1,8,3,2018,1880.0
2018-08-06,36.3,25.2,8,6,2018,1880.0
2018-08-07,34.0,25.3,8,7,2018,1880.0
2018-08-08,37.7,23.9,8,8,2018,1930.0
2018-08-09,36.1,24.9,8,9,2018,2020.0
2018-08-10,30.2,25.5,8,10,2018,2100.0
2018-08-13,36.4,25.5,8,13,2018,2230.0
2018-08-14,38.6,24.4,8,14,2018,2270.0
2018-08-16,31.6,24.2,8,16,2018,2270.0
2018-08-17,30.2,19.4,8,17,2018,2320.0
2018-08-20,33.8,19.4,8,20,2018,2450.0
2018-08-21,35.2,19.5,8,21,2018,2480.0
2018-08-22,34.8,24.5,8,22,2018,2480.0
2018-08-23,30.6,25.5,8,23,2018,2640.0
2018-08-24,32.9,24.5,8,24,2018,2730.0
2018-08-27,26.1,21.7,8,27,2018,2790.0
2018-08-28,32.6,22.6,8,28,2018,3000.0
2018-08-29,31.6,21.6,8,29,2018,3050.0
2018-08-30,31.2,24.0,8,30,2018,3050.0
2018-08-31,26.9,22.8,8,31,2018,3090.0
2018-09-03,26.8,21.3,9,3,2018,3250.0
2018-09-04,31.5,19.4,9,4,2018,3230.0
2018-09-05,30.8,16.1,9,5,2018,3230.0
2018-09-06,27.2,16.6,9,6,2018,3230.0
2018-09-07,26.2,19.0,9,7,2018,3190.0
2018-09-10,27.6,16.3,9,10,2018,3300.0
2018-09-11,26.3,14.6,9,11,2018,3330.0
2018-09-12,28.9,16.0,9,12,2018,3330.0
2018-09-13,24.1,19.0,9,13,2018,3320.0
2018-09-14,24.1,20.1,9,14,2018,3290.0
2018-09-17,29.9,19.9,9,17,2018,3390.0
2018-09-18,30.4,18.1,9,18,2018,3490.0
2018-09-19,27.1,17.3,9,19,2018,3490.0
2018-09-20,23.0,19.5,9,20,2018,3520.0
2018-09-21,20.9,18.2,9,21,2018,3520.0
2018-09-27,26.6,12.2,9,27,2018,3670.0
2018-09-28,24.6,11.9,9,28,2018,3620.0
2018-10-01,23.7,10.8,10,1,2018,3460.0
2018-10-02,24.8,8.9,10,2,2018,3370.0
2018-10-04,26.7,10.1,10,4,2018,3350.0
2018-10-05,20.8,17.2,10,5,2018,2960.0
2018-10-08,24.4,11.3,10,8,2018,2920.0
2018-10-10,21.6,11.8,10,10,2018,2780.0
2018-10-11,18.7,6.6,10,11,2018,2680.0
2018-10-12,19.9,3.6,10,12,2018,2660.0
2018-10-15,24.0,9.8,10,15,2018,2680.0
2018-10-16,19.1,8.9,10,16,2018,2620.0
2018-10-17,21.0,9.4,10,17,2018,2640.0
2018-10-18,21.9,6.7,10,18,2018,2680.0
2018-10-19,21.6,9.9,10,19,2018,2690.0
2018-10-22,21.4,5.8,10,22,2018,2710.0
2018-10-23,23.0,10.3,10,23,2018,2800.0
2018-10-24,23.2,6.4,10,24,2018,2810.0
2018-10-25,23.0,4.1,10,25,2018,2780.0
2018-10-26,16.7,8.1,10,26,2018,2720.0
2018-10-29,18.8,4.5,10,29,2018,2720.0
2018-10-30,16.2,2.6,10,30,2018,2740.0
2018-10-31,17.9,1.9,10,31,2018,2840.0
2018-11-01,18.7,1.1,11,1,2018,2820.0
2018-11-02,19.9,0.6,11,2,2018,2820.0
2018-11-05,22.3,2.2,11,5,2018,2800.0
2018-11-06,22.4,5.1,11,6,2018,2820.0
2018-11-07,18.5,9.7,11,7,2018,2820.0
2018-11-08,19.0,12.9,11,8,2018,2820.0
2018-11-09,18.8,5.9,11,9,2018,2820.0
2018-11-12,17.8,7.9,11,12,2018,2800.0
2018-11-13,17.9,5.5,11,13,2018,2770.0
2018-11-14,18.3,3.8,11,14,2018,2780.0
2018-11-15,18.3,3.4,11,15,2018,2750.0
2018-11-16,11.9,4.3,11,16,2018,2650.0
2018-11-19,16.4,1.9,11,19,2018,2550.0
2018-11-20,16.1,-0.6,11,20,2018,2550.0
2018-11-21,10.7,-0.8,11,21,2018,2510.0
2018-11-22,10.7,-1.5,11,22,2018,2450.0
2018-11-23,10.7,-3.4,11,23,2018,2350.0
2018-11-26,15.4,-2.8,11,26,2018,2320.0
2018-11-27,17.4,-0.8,11,27,2018,2280.0
2018-11-28,16.3,1.2,11,28,2018,2200.0
2018-11-29,14.6,-1.7,11,29,2018,2160.0
2018-11-30,16.4,-0.9,11,30,2018,2130.0
2018-12-03,15.2,10.7,12,3,2018,2040.0
2018-12-04,18.4,9.1,12,4,2018,1920.0
2018-12-05,13.6,3.4,12,5,2018,1810.0
2018-12-06,8.7,3.4,12,6,2018,1790.0
2018-12-10,9.8,-6.9,12,10,2018,1730.0
2018-12-11,5.8,-2.9,12,11,2018,1730.0
2018-12-12,6.4,-4.1,12,12,2018,1730.0
2018-12-13,8.9,-6.3,12,13,2018,1570.0
2018-12-14,6.8,-4.2,12,14,2018,1520.0
2018-12-17,9.4,-2.3,12,17,2018,1510.0
2018-12-18,9.5,-4.5,12,18,2018,1520.0
2018-12-19,14.3,-3.8,12,19,2018,1530.0
2018-12-20,11.1,0.8,12,20,2018,1580.0
2018-12-21,13.8,-1.4,12,21,2018,1560.0
2018-12-24,8.2,-3.4,12,24,2018,1540.0
2018-12-26,10.7,2.1,12,26,2018,1510.0
2018-12-27,2.7,-5.8,12,27,2018,1460.0
2018-12-28,1.3,-10.3,12,28,2018,1440.0
2018-12-31,8.2,-5.4,12,31,2018,1450.0
2019-01-02,6.8,-7.3,1,2,2019,1450.0
2019-01-03,9.3,-5.5,1,3,2019,1420.0
2019-01-04,9.0,-8.3,1,4,2019,1400.0
2019-01-07,9.3,-6.8,1,7,2019,1370.0
2019-01-08,8.2,-2.5,1,8,2019,1370.0
2019-01-09,6.1,-3.9,1,9,2019,1340.0
2019-01-10,9.7,-3.9,1,10,2019,1320.0
2019-01-11,11.2,-1.7,1,11,2019,1320.0
2019-01-14,12.3,-4.3,1,14,2019,1290.0
2019-01-15,10.8,-2.3,1,15,2019,1210.0
2019-01-16,6.6,-5.6,1,16,2019,1250.0
2019-01-17,8.6,-8.0,1,17,2019,1250.0
2019-01-18,11.4,-6.4,1,18,2019,1190.0
2019-01-21,10.2,-5.2,1,21,2019,1190.0
2019-01-22,11.5,-6.3,1,22,2019,1190.0
2019-01-23,13.3,-5.8,1,23,2019,1150.0
2019-01-24,11.9,-5.1,1,24,2019,1150.0
2019-01-25,8.3,-6.2,1,25,2019,1130.0
2019-01-28,11.1,-5.8,1,28,2019,1160.0
2019-01-29,11.3,-5.3,1,29,2019,1160.0
2019-01-30,13.8,-3.3,1,30,2019,1180.0
2019-01-31,7.4,-4.5,1,31,2019,1200.0
2019-02-01,6.5,-7.0,2,1,2019,1200.0
2019-02-07,13.4,-1.0,2,7,2019,1200.0
2019-02-08,8.7,-2.5,2,8,2019,1160.0
2019-02-11,7.2,-4.0,2,11,2019,1100.0
2019-02-12,9.1,-5.7,2,12,2019,1070.0
2019-02-13,9.0,-0.8,2,13,2019,1070.0
2019-02-14,11.2,-2.2,2,14,2019,1060.0
2019-02-15,13.1,-1.2,2,15,2019,1060.0
2019-02-18,8.8,-5.2,2,18,2019,1080.0
2019-02-19,7.2,2.1,2,19,2019,1050.0
2019-02-20,10.3,0.2,2,20,2019,1050.0
2019-02-21,12.3,-2.2,2,21,2019,1050.0
2019-02-22,13.1,-0.4,2,22,2019,1070.0
2019-02-25,17.0,-0.1,2,25,2019,1030.0
2019-02-26,15.8,1.2,2,26,2019,1030.0
2019-02-27,14.3,6.8,2,27,2019,1050.0
2019-02-28,16.2,3.5,2,28,2019,1020.0
2019-03-04,17.8,4.4,3,4,2019,1000.0
2019-03-05,16.5,0.7,3,5,2019,970.0
2019-03-06,14.1,5.8,3,6,2019,1000.0
2019-03-07,13.6,2.1,3,7,2019,970.0
2019-03-08,16.6,-1.1,3,8,2019,970.0
2019-03-11,16.3,0.0,3,11,2019,1010.0
2019-03-12,16.2,1.0,3,12,2019,1000.0
2019-03-13,12.5,-1.6,3,13,2019,1000.0
2019-03-14,13.6,-3.3,3,14,2019,940.0
2019-03-15,13.7,-1.3,3,15,2019,930.0
2019-03-18,16.6,0.0,3,18,2019,930.0
2019-03-19,22.5,3.5,3,19,2019,970.0
2019-03-20,18.9,4.6,3,20,2019,880.0
2019-03-21,22.6,9.1,3,21,2019,890.0
2019-03-22,16.5,4.8,3,22,2019,940.0
2019-03-25,14.4,-1.4,3,25,2019,1010.0
2019-03-26,21.5,0.7,3,26,2019,1020.0
2019-03-27,20.7,1.2,3,27,2019,1040.0
2019-03-28,19.7,7.9,3,28,2019,1040.0
2019-03-29,19.5,5.8,3,29,2019,1040.0
2019-04-01,14.7,-1.9,4,1,2019,1060.0
2019-04-02,16.6,-0.3,4,2,2019,1040.0
2019-04-03,16.5,-0.8,4,3,2019,1080.0
2019-04-04,21.5,-1.7,4,4,2019,1090.0
2019-04-05,24.4,2.0,4,5,2019,1140.0
2019-04-08,24.1,5.4,4,8,2019,1130.0
2019-04-09,18.1,5.0,4,9,2019,1150.0
2019-04-10,12.8,6.4,4,10,2019,1110.0
2019-04-11,15.1,4.1,4,11,2019,1100.0
2019-04-12,20.0,5.9,4,12,2019,1130.0
2019-04-15,23.5,0.5,4,15,2019,1140.0
2019-04-16,24.6,2.2,4,16,2019,1150.0
2019-04-17,24.4,8.6,4,17,2019,1150.0
2019-04-18,24.9,6.2,4,18,2019,1150.0
2019-04-19,14.8,8.9,4,19,2019,1170.0
2019-04-22,26.7,11.3,4,22,2019,1230.0
2019-04-23,20.9,12.1,4,23,2019,1440.0
2019-04-24,22.6,15.0,4,24,2019,1500.0
2019-04-25,18.1,12.0,4,25,2019,1570.0
2019-04-26,14.5,8.3,4,26,2019,1590.0
2019-04-29,12.4,8.7,4,29,2019,1590.0
2019-04-30,21.6,11.6,4,30,2019,1570.0
2019-05-02,26.1,8.3,5,2,2019,1500.0
2019-05-03,29.0,7.0,5,3,2019,1480.0
2019-05-07,24.1,7.0,5,7,2019,1430.0
2019-05-08,25.5,5.2,5,8,2019,1390.0
2019-05-09,27.5,10.6,5,9,2019,1360.0
2019-05-10,28.6,8.3,5,10,2019,1360.0
2019-05-13,27.0,10.7,5,13,2019,1340.0
2019-05-14,28.7,15.8,5,14,2019,1340.0
2019-05-15,29.1,14.6,5,15,2019,1340.0
2019-05-16,30.8,13.5,5,16,2019,1320.0
2019-05-17,25.6,13.4,5,17,2019,1340.0
2019-05-20,23.3,9.4,5,20,2019,1340.0
2019-05-21,26.4,6.2,5,21,2019,1340.0
2019-05-22,28.3,7.9,5,22,2019,1340.0
2019-05-23,31.6,10.5,5,23,2019,1320.0
2019-05-24,32.7,11.8,5,24,2019,1320.0
2019-05-27,22.5,18.7,5,27,2019,1330.0
2019-05-28,24.5,12.4,5,28,2019,1310.0
2019-05-29,30.2,8.5,5,29,2019,1300.0
2019-05-30,30.6,10.0,5,30,2019,1300.0
2019-05-31,23.5,14.3,5,31,2019,1300.0
2019-06-03,31.4,13.8,6,3,2019,1260.0
2019-06-04,32.2,15.2,6,4,2019,1280.0
2019-06-05,33.2,18.2,6,5,2019,1280.0
2019-06-07,21.5,16.5,6,7,2019,1300.0
2019-06-10,24.8,14.9,6,10,2019,1300.0
2019-06-11,25.3,14.6,6,11,2019,1300.0
2019-06-12,26.3,16.4,6,12,2019,1370.0
2019-06-13,28.6,15.5,6,13,2019,1430.0
2019-06-14,22.3,16.2,6,14,2019,1430.0
2019-06-17,27.2,17.8,6,17,2019,1430.0
2019-06-18,28.6,17.7,6,18,2019,1430.0
2019-06-19,29.7,18.7,6,19,2019,1410.0
2019-06-20,31.4,18.5,6,20,2019,1380.0
2019-06-21,31.9,20.2,6,21,2019,1380.0
2019-06-24,27.3,15.9,6,24,2019,1380.0
2019-06-25,29.5,17.5,6,25,2019,1380.0
2019-06-26,22.1,17.3,6,26,2019,1310.0
2019-06-27,28.6,22.0,6,27,2019,1310.0
2019-06-28,27.8,21.4,6,28,2019,1310.0
2019-07-01,27.7,21.0,7,1,2019,1310.0
2019-07-02,30.8,20.0,7,2,2019,1280.0
2019-07-03,28.6,20.5,7,3,2019,1310.0
2019-07-04,32.7,19.5,7,4,2019,1310.0
2019-07-05,31.7,20.0,7,5,2019,1310.0
2019-07-08,27.9,19.0,7,8,2019,1290.0
2019-07-09,25.2,19.7,7,9,2019,1290.0
2019-07-10,22.8,20.3,7,10,2019,1290.0
2019-07-11,30.1,21.4,7,11,2019,1290.0
2019-07-12,29.9,21.0,7,12,2019,1290.0
2019-07-15,28.1,21.9,7,15,2019,1300.0
2019-07-16,29.0,21.0,7,16,2019,1280.0
2019-07-17,30.6,19.8,7,17,2019,1280.0
2019-07-18,25.2,21.4,7,18,2019,1200.0
2019-07-19,25.3,22.4,7,19,2019,1200.0
2019-07-22,33.7,22.3,7,22,2019,1220.0
2019-07-23,32.8,24.9,7,23,2019,1170.0
2019-07-24,31.2,23.9,7,24,2019,1180.0
2019-07-25,28.5,25.3,7,25,2019,1140.0
2019-07-26,29.8,25.7,7,26,2019,1140.0
2019-07-29,31.9,23.6,7,29,2019,1150.0
2019-07-30,32.9,24.2,7,30,2019,1150.0
2019-07-31,33.4,24.7,7,31,2019,1160.0
2019-08-01,35.1,23.4,8,1,2019,1160.0
2019-08-02,35.4,24.8,8,2,2019,1180.0
2019-08-05,35.6,24.2,8,5,2019,1150.0
2019-08-06,29.6,23.6,8,6,2019,1130.0
2019-08-07,33.0,23.9,8,7,2019,1140.0
2019-08-08,35.5,23.6,8,8,2019,1140.0
2019-08-09,35.0,24.3,8,9,2019,1140.0
2019-08-12,33.0,25.7,8,12,2019,1220.0
2019-08-13,35.4,24.5,8,13,2019,1210.0
2019-08-14,31.9,25.8,8,14,2019,1210.0
2019-08-16,33.2,23.5,8,16,2019,1270.0
2019-08-19,31.8,23.2,8,19,2019,1310.0
2019-08-20,31.2,22.9,8,20,2019,1310.0
2019-08-21,28.9,23.8,8,21,2019,1300.0
2019-08-22,30.7,24.3,8,22,2019,1350.0
2019-08-23,29.6,20.7,8,23,2019,1350.0
2019-08-26,29.9,19.0,8,26,2019,1350.0
2019-08-27,25.3,21.6,8,27,2019,1350.0
2019-08-28,28.0,22.1,8,28,2019,1300.0
2019-08-29,24.7,20.0,8,29,2019,1280.0
2019-08-30,31.0,19.0,8,30,2019,1270.0
2019-09-02,22.6,19.7,9,2,2019,1300.0
2019-09-03,25.7,20.5,9,3,2019,1390.0
2019-09-04,27.7,21.8,9,4,2019,1520.0
2019-09-05,31.8,21.3,9,5,2019,1570.0
2019-09-06,30.6,22.5,9,6,2019,1570.0
2019-09-09,33.1,22.9,9,9,2019,1570.0
2019-09-10,30.8,23.6,9,10,2019,1650.0
2019-09-11,31.8,22.4,9,11,2019,1750.0
2019-09-16,28.1,16.3,9,16,2019,1620.0
2019-09-17,28.1,16.6,9,17,2019,1620.0
2019-09-18,29.0,15.3,9,18,2019,1540.0
2019-09-19,26.3,15.1,9,19,2019,1500.0
2019-09-20,25.5,13.6,9,20,2019,1500.0
2019-09-23,21.3,16.1,9,23,2019,1640.0
2019-09-24,25.9,13.5,9,24,2019,1640.0
2019-09-25,26.5,12.6,9,25,2019,1620.0
2019-09-26,28.5,14.4,9,26,2019,1660.0
2019-09-27,27.5,17.3,9,27,2019,1620.0
2019-09-30,28.3,20.7,9,30,2019,1670.0
2019-10-01,24.5,20.6,10,1,2019,1690.0
2019-10-02,25.3,20.1,10,2,2019,1700.0
2019-10-04,30.3,17.7,10,4,2019,1840.0
2019-10-07,20.9,13.5,10,7,2019,2020.0
2019-10-08,24.4,10.0,10,8,2019,2160.0
2019-10-10,25.2,7.1,10,10,2019,2250.0
2019-10-11,25.7,11.9,10,11,2019,2250.0
2019-10-14,23.7,9.2,10,14,2019,2290.0
2019-10-15,19.0,9.3,10,15,2019,2370.0
2019-10-16,21.9,8.2,10,16,2019,2370.0
2019-10-17,20.0,8.9,10,17,2019,2390.0
2019-10-18,16.7,9.9,10,18,2019,2490.0
2019-10-21,24.0,11.5,10,21,2019,2750.0
2019-10-22,23.9,10.5,10,22,2019,2800.0
2019-10-23,21.4,12.5,10,23,2019,2820.0
2019-10-24,20.8,12.8,10,24,2019,2820.0
2019-10-25,24.5,15.7,10,25,2019,2820.0
2019-10-28,20.2,2.5,10,28,2019,2800.0
2019-10-29,21.2,5.4,10,29,2019,2760.0
2019-10-30,20.2,4.7,10,30,2019,2780.0
2019-10-31,22.4,2.9,10,31,2019,2760.0
2019-11-01,24.0,5.8,11,1,2019,2760.0
2019-11-04,18.5,6.7,11,4,2019,2740.0
2019-11-05,20.4,5.0,11,5,2019,2680.0
2019-11-06,21.0,4.2,11,6,2019,2590.0
2019-11-07,19.1,5.9,11,7,2019,2610.0
2019-11-08,18.1,3.8,11,8,2019,2590.0
2019-11-11,19.3,6.6,11,11,2019,2620.0
2019-11-12,18.1,4.8,11,12,2019,2620.0
2019-11-13,15.3,2.4,11,13,2019,2590.0
2019-11-14,11.7,-1.6,11,14,2019,2590.0
2019-11-15,16.2,-2.9,11,15,2019,2440.0
2019-11-18,20.3,5.5,11,18,2019,2520.0
2019-11-19,9.5,1.2,11,19,2019,2520.0
2019-11-20,11.2,-0.7,11,20,2019,2420.0
2019-11-21,15.9,-2.8,11,21,2019,2370.0
2019-11-22,19.5,3.5,11,22,2019,2370.0
2019-11-25,13.9,7.9,11,25,2019,2370.0
2019-11-26,16.6,4.6,11,26,2019,2370.0
2019-11-27,12.0,4.1,11,27,2019,2370.0
2019-11-28,10.9,3.1,11,28,2019,2310.0
2019-11-29,12.6,0.6,11,29,2019,2310.0
2019-12-02,9.2,1.5,12,2,2019,2220.0
2019-12-03,8.7,-3.1,12,3,2019,2220.0
2019-12-04,10.3,-2.3,12,4,2019,2220.0
2019-12-05,7.4,-3.5,12,5,2019,2220.0
2019-12-09,11.7,-4.8,12,9,2019,2200.0
2019-12-10,15.4,-2.5,12,10,2019,2200.0
2019-12-11,17.1,0.8,12,11,2019,2200.0
2019-12-12,7.8,-2.2,12,12,2019,2170.0
2019-12-13,9.5,-4.8,12,13,2019,2070.0
2019-12-16,14.2,0.3,12,16,2019,2070.0
2019-12-17,16.1,0.3,12,17,2019,2050.0
2019-12-18,13.8,4.3,12,18,2019,2050.0
2019-12-19,10.4,1.5,12,19,2019,2050.0
2019-12-20,8.2,-4.5,12,20,2019,2050.0
2019-12-23,11.2,-4.4,12,23,2019,1990.0
2019-12-24,11.7,-0.8,12,24,2019,1970.0
2019-12-26,8.7,3.0,12,26,2019,2050.0
2019-12-27,7.1,-2.9,12,27,2019,2050.0
2019-12-30,12.2,2.6,12,30,2019,2050.0
2019-12-31,5.2,-4.5,12,31,2019,2050.0
2020-01-02,9.6,-3.3,1,2,2020,2040.0
2020-01-03,10.3,-4.0,1,3,2020,2070.0
2020-01-06,4.4,-1.6,1,6,2020,2120.0
2020-01-07,18.4,4.4,1,7,2020,2120.0
2020-01-08,16.4,5.4,1,8,2020,2110.0
2020-01-09,8.5,-0.4,1,9,2020,2050.0
2020-01-10,10.3,-2.0,1,10,2020,1990.0
2020-01-13,7.0,-4.8,1,13,2020,2030.0
2020-01-14,6.4,-2.7,1,14,2020,2030.0
2020-01-15,6.2,-5.9,1,15,2020,2030.0
2020-01-16,8.8,-4.5,1,16,2020,2010.0
2020-01-17,8.7,-0.4,1,17,2020,2010.0
2020-01-20,9.1,-4.5,1,20,2020,1970.0
2020-01-21,9.3,-3.4,1,21,2020,1970.0
2020-01-22,5.4,-0.2,1,22,2020,1930.0
2020-01-23,9.6,3.4,1,23,2020,1930.0
2020-01-28,11.2,4.5,1,28,2020,1900.0
2020-01-29,11.3,4.3,1,29,2020,1830.0
2020-01-30,10.5,3.2,1,30,2020,1830.0
2020-01-31,10.3,-0.6,1,31,2020,1830.0
2020-02-03,8.8,-3.3,2,3,2020,1830.0
2020-02-04,9.5,-4.4,2,4,2020,1730.0
2020-02-05,2.7,-4.4,2,5,2020,1700.0
2020-02-06,5.6,-8.1,2,6,2020,1680.0
2020-02-07,9.7,-4.1,2,7,2020,1500.0
2020-02-10,12.4,-4.7,2,10,2020,1500.0
2020-02-11,13.7,-3.4,2,11,2020,1570.0
2020-02-12,12.4,5.7,2,12,2020,1550.0
2020-02-13,17.4,4.4,2,13,2020,1540.0
2020-02-14,20.1,4.9,2,14,2020,1500.0
2020-02-17,3.0,-3.6,2,17,2020,1520.0
2020-02-18,7.0,-5.0,2,18,2020,1530.0
2020-02-19,13.1,-4.7,2,19,2020,1540.0
2020-02-20,15.4,-0.8,2,20,2020,1540.0
2020-02-21,16.1,-0.8,2,21,2020,1550.0
2020-02-24,17.7,-3.1,2,24,2020,1525.0
2020-02-25,9.0,7.5,2,25,2020,1525.0
2020-02-26,13.4,6.9,2,26,2020,1488.0
2020-02-27,9.8,2.8,2,27,2020,1488.0
2020-02-28,8.1,2.3,2,28,2020,1488.0
2020-03-02,12.4,1.3,3,2,2020,1575.0
2020-03-03,13.6,1.7,3,3,2020,1613.0
2020-03-04,12.3,1.3,3,4,2020,1638.0
2020-03-05,11.1,-2.9,3,5,2020,1675.0
2020-03-06,14.4,-3.9,3,6,2020,1650.0
2020-03-09,14.9,1.2,3,9,2020,1620.0
2020-03-10,11.9,7.6,3,10,2020,1620.0
2020-03-11,12.3,0.4,3,11,2020,1680.0
2020-03-12,16.3,-2.8,3,12,2020,1850.0
2020-03-13,17.3,0.8,3,13,2020,1990.0
2020-03-16,12.5,-1.0,3,16,2020,2140.0
2020-03-17,19.1,-1.1,3,17,2020,2210.0
2020-03-18,19.6,0.3,3,18,2020,2270.0
2020-03-19,21.0,2.1,3,19,2020,2250.0
2020-03-20,17.6,2.3,3,20,2020,2300.0
2020-03-23,20.9,1.9,3,23,2020,2380.0
2020-03-24,17.8,4.3,3,24,2020,2380.0
2020-03-25,20.4,1.2,3,25,2020,2380.0
2020-03-26,14.4,5.8,3,26,2020,2620.0
2020-03-27,19.8,12.2,3,27,2020,2730.0
2020-03-30,18.9,6.2,3,30,2020,3120.0
2020-03-31,22.2,5.0,3,31,2020,3200.0
2020-04-01,20.4,9.0,4,1,2020,3240.0
2020-04-02,18.0,1.9,4,2,2020,3270.0
2020-04-03,20.9,2.2,4,3,2020,3220.0
2020-04-06,18.8,0.2,4,6,2020,2950.0
2020-04-07,22.1,2.6,4,7,2020,2810.0
2020-04-08,20.5,4.4,4,8,2020,2830.0
2020-04-09,18.0,2.1,4,9,2020,2750.0
2020-04-10,14.2,7.0,4,10,2020,2730.0
2020-04-13,16.3,2.2,4,13,2020,2660.0
2020-04-14,24.2,-0.2,4,14,2020,2530.0
2020-04-16,20.9,7.0,4,16,2020,2530.0
2020-04-17,13.2,7.4,4,17,2020,2540.0
2020-04-20,20.4,9.3,4,20,2020,2550.0
2020-04-21,18.3,6.2,4,21,2020,2530.0
2020-04-22,15.2,0.4,4,22,2020,2530.0
2020-04-23,16.2,-0.8,4,23,2020,2520.0
2020-04-24,18.7,0.0,4,24,2020,2530.0
2020-04-27,20.2,3.9,4,27,2020,2530.0
2020-04-28,22.3,5.1,4,28,2020,2530.0
2020-04-29,25.9,4.6,4,29,2020,2500.0
2020-05-04,29.0,16.1,5,4,2020,2450.0
2020-05-06,28.0,12.3,5,6,2020,2290.0
2020-05-07,23.5,9.5,5,7,2020,2200.0
2020-05-08,23.4,6.9,5,8,2020,2140.0
2020-05-11,29.8,10.5,5,11,2020,2010.0
2020-05-12,24.9,11.9,5,12,2020,1990.0
2020-05-13,26.4,7.4,5,13,2020,1990.0
2020-05-14,27.2,9.2,5,14,2020,1970.0
2020-05-15,17.4,14.6,5,15,2020,1970.0
2020-05-18,22.4,15.4,5,18,2020,1970.0
2020-05-19,19.1,10.7,5,19,2020,1960.0
2020-05-20,22.4,8.5,5,20,2020,1930.0
2020-05-21,21.0,12.8,5,21,2020,1810.0
2020-05-22,23.6,11.8,5,22,2020,1660.0
2020-05-25,26.6,14.7,5,25,2020,1650.0
2020-05-26,26.8,15.3,5,26,2020,1630.0
2020-05-27,27.7,13.2,5,27,2020,1550.0
2020-05-28,28.9,12.0,5,28,2020,1550.0
2020-05-29,28.8,13.8,5,29,2020,1560.0
2020-06-01,30.4,16.5,6,1,2020,1590.0
2020-06-02,30.2,13.6,6,2,2020,1590.0
2020-06-03,28.8,15.5,6,3,2020,1580.0
2020-06-04,33.0,17.4,6,4,2020,1620.0
2020-06-05,32.0,19.2,6,5,2020,1610.0
2020-06-08,32.4,15.7,6,8,2020,1600.0
2020-06-09,34.0,16.7,6,9,2020,1600.0
2020-06-10,32.6,18.9,6,10,2020,1600.0
2020-06-11,31.9,21.1,6,11,2020,1610.0
2020-06-12,31.8,22.4,6,12,2020,1610.0
2020-06-15,32.1,17.7,6,15,2020,1610.0
2020-06-16,32.2,18.1,6,16,2020,1610.0
2020-06-17,28.1,17.5,6,17,2020,1570.0
2020-06-18,20.2,17.9,6,18,2020,1570.0
2020-06-19,29.4,18.6,6,19,2020,1580.0
2020-06-22,30.4,15.6,6,22,2020,1576.0
2020-06-23,31.6,17.8,6,23,2020,1576.0
2020-06-24,25.8,19.5,6,24,2020,1613.0
2020-06-25,25.7,21.8,6,25,2020,1613.0
2020-06-26,31.4,20.8,6,26,2020,1623.0
2020-06-29,26.5,19.6,6,29,2020,1623.0
2020-06-30,28.7,21.1,6,30,2020,1826.0
2020-07-01,27.0,19.9,7,1,2020,1826.0
2020-07-02,28.0,19.0,7,2,2020,1826.0
2020-07-03,23.3,18.7,7,3,2020,1826.0
2020-07-06,26.2,19.5,7,6,2020,1836.0
2020-07-07,30.7,22.8,7,7,2020,1836.0
2020-07-08,31.0,21.5,7,8,2020,1943.0
2020-07-09,29.4,20.6,7,9,2020,1950.0
2020-07-10,26.7,21.5,7,10,2020,1950.0
2020-07-13,20.8,18.5,7,13,2020,1940.0
2020-07-14,21.0,18.7,7,14,2020,1950.0
2020-07-15,21.6,18.3,7,15,2020,1950.0
2020-07-16,29.0,18.3,7,16,2020,1950.0
2020-07-17,29.9,17.3,7,17,2020,1950.0
2020-07-20,30.0,24.1,7,20,2020,1950.0
2020-07-21,32.2,22.9,7,21,2020,1950.0
2020-07-22,25.6,22.1,7,22,2020,1950.0
2020-07-23,24.1,22.0,7,23,2020,1950.0
2020-07-24,23.2,20.1,7,24,2020,1950.0
2020-07-27,27.5,21.7,7,27,2020,1960.0
2020-07-28,25.1,22.0,7,28,2020,1960.0
2020-07-29,27.7,22.9,7,29,2020,1990.0
2020-07-30,29.8,21.1,7,30,2020,2013.0
2020-07-31,32.5,20.4,7,31,2020,2013.0
2020-08-03,31.0,26.3,8,3,2020,2013.0
2020-08-04,32.2,23.4,8,4,2020,2013.0
2020-08-05,31.7,24.8,8,5,2020,2013.0
2020-08-06,29.0,26.3,8,6,2020,2089.0
2020-08-07,28.5,23.8,8,7,2020,2109.0
2020-08-10,30.6,25.1,8,10,2020,2109.0
2020-08-11,31.8,25.1,8,11,2020,2059.0
2020-08-12,29.8,25.2,8,12,2020,2059.0
2020-08-13,33.4,24.4,8,13,2020,2042.0
2020-08-14,32.6,25.9,8,14,2020,2042.0
2020-08-18,35.9,24.4,8,18,2020,2068.0
2020-08-19,36.5,23.8,8,19,2020,2068.0
2020-08-20,36.9,23.9,8,20,2020,2048.0
2020-08-21,33.6,23.4,8,21,2020,2048.0
2020-08-24,34.5,23.4,8,24,2020,2122.0
2020-08-25,34.4,22.7,8,25,2020,2177.0
2020-08-26,32.3,25.7,8,26,2020,2152.0
2020-08-27,29.5,24.8,8,27,2020,2212.0
2020-08-28,32.2,24.7,8,28,2020,2312.0
2020-08-31,29.1,22.9,8,31,2020,2568.0
2020-09-01,31.0,22.5,9,1,2020,2668.0
2020-09-02,29.5,24.2,9,2,2020,2688.0
2020-09-03,31.1,21.6,9,3,2020,2728.0
2020-09-04,30.6,17.3,9,4,2020,2805.0
2020-09-07,25.1,19.3,9,7,2020,2785.0
2020-09-08,28.9,17.5,9,8,2020,3055.0
2020-09-09,28.1,19.5,9,9,2020,3055.0
2020-09-10,30.4,20.1,9,10,2020,3295.0
2020-09-11,27.9,19.7,9,11,2020,3229.0
2020-09-14,28.3,18.5,9,14,2020,3329.0
2020-09-15,29.5,18.0,9,15,2020,3389.0
2020-09-16,24.5,19.1,9,16,2020,3559.0
2020-09-17,24.4,18.5,9,17,2020,3609.0
2020-09-18,24.2,14.8,9,18,2020,3619.0
2020-09-21,24.8,11.3,9,21,2020,3639.0
2020-09-22,22.8,13.7,9,22,2020,3649.0
2020-09-23,22.6,16.3,9,23,2020,3669.0
2020-09-24,25.3,17.9,9,24,2020,3729.0
2020-09-25,25.9,16.7,9,25,2020,3709.0
2020-09-28,25.2,11.2,9,28,2020,3759.0
2020-09-29,26.0,9.5,9,29,2020,3772.0
2020-10-05,20.7,9.3,10,5,2020,3772.0
2020-10-06,22.9,8.9,10,6,2020,3759.0
2020-10-07,23.0,12.1,10,7,2020,3685.0
2020-10-08,22.8,14.6,10,8,2020,3649.0
2020-10-12,24.1,11.1,10,12,2020,3545.0
2020-10-13,22.7,9.2,10,13,2020,3379.0
2020-10-14,21.8,7.4,10,14,2020,3199.0
2020-10-15,21.6,8.1,10,15,2020,3189.0
2020-10-16,18.1,10.2,10,16,2020,3069.0
2020-10-19,23.6,6.5,10,19,2020,3069.0
2020-10-20,24.1,7.6,10,20,2020,3049.0
2020-10-21,19.3,8.9,10,21,2020,2979.0
2020-10-22,19.2,12.3,10,22,2020,2869.0
2020-10-23,17.6,5.5,10,23,2020,2869.0
2020-10-26,22.5,4.9,10,26,2020,2799.0
2020-10-27,22.4,6.8,10,27,2020,2749.0
2020-10-28,22.4,9.7,10,28,2020,2729.0
2020-10-29,20.6,4.1,10,29,2020,2699.0
2020-10-30,20.0,6.6,10,30,2020,2709.0
2020-11-02,18.4,5.0,11,2,2020,2689.0
2020-11-03,12.4,0.8,11,3,2020,2630.0
2020-11-04,13.9,-2.3,11,4,2020,2570.0
2020-11-05,17.1,-1.4,11,5,2020,2570.0
2020-11-06,14.9,7.5,11,6,2020,2550.0
2020-11-09,13.2,2.7,11,9,2020,2500.0
2020-11-10,16.2,1.2,11,10,2020,2340.0
2020-11-11,17.7,0.3,11,11,2020,2153.0
2020-11-12,19.4,2.3,11,12,2020,1940.0
2020-11-13,20.9,1.0,11,13,2020,1890.0
2020-11-16,22.3,3.7,11,16,2020,1780.0
2020-11-17,22.6,11.1,11,17,2020,1646.0
2020-11-18,23.5,11.9,11,18,2020,1646.0
2020-11-19,23.7,14.4,11,19,2020,1596.0
2020-11-20,15.1,5.1,11,20,2020,1536.0
2020-11-23,12.6,1.6,11,23,2020,1516.0
2020-11-24,14.6,1.6,11,24,2020,1516.0
2020-11-25,14.6,2.0,11,25,2020,1506.0
2020-11-26,15.0,3.1,11,26,2020,1396.0
2020-11-27,13.0,3.3,11,27,2020,1273.0
2020-11-30,9.3,-2.3,11,30,2020,1200.0
2020-12-01,11.3,-1.7,12,1,2020,1200.0
2020-12-02,12.8,0.0,12,2,2020,1190.0
2020-12-03,9.6,-0.6,12,3,2020,1150.0
2020-12-07,11.5,-2.3,12,7,2020,1140.0
2020-12-08,7.7,-2.3,12,8,2020,1090.0
2020-12-09,12.1,-4.8,12,9,2020,1090.0
2020-12-10,12.5,-1.7,12,10,2020,1090.0
2020-12-11,12.8,-1.4,12,11,2020,1070.0
2020-12-14,1.1,-5.4,12,14,2020,1106.0
2020-12-15,0.4,-6.9,12,15,2020,1113.0
2020-12-16,1.4,-8.1,12,16,2020,1140.0
2020-12-17,3.9,-9.2,12,17,2020,1140.0
2020-12-18,7.9,-6.8,12,18,2020,1140.0
2020-12-21,6.6,-7.7,12,21,2020,1130.0
2020-12-22,9.3,-7.2,12,22,2020,1130.0
2020-12-23,9.0,-6.1,12,23,2020,1130.0
2020-12-24,12.4,-1.9,12,24,2020,1130.0
2020-12-28,12.0,-0.7,12,28,2020,1130.0
2020-12-29,10.9,-1.5,12,29,2020,1150.0
2020-12-30,1.5,-8.0,12,30,2020,1150.0
2020-12-31,2.4,-9.3,12,31,2020,1290.0
2021-01-04,7.8,-6.9,1,4,2021,1240.0
2021-01-05,5.3,-5.4,1,5,2021,1290.0
2021-01-06,1.6,-8.4,1,6,2021,1290.0
2021-01-07,-0.9,-11.8,1,7,2021,1330.0
2021-01-08,-4.0,-14.4,1,8,2021,1410.0
2021-01-11,1.5,-8.3,1,11,2021,1410.0
2021-01-12,5.2,-9.9,1,12,2021,1600.0
2021-01-13,12.0,-7.7,1,13,2021,1600.0
2021-01-14,14.4,-5.1,1,14,2021,1630.0
2021-01-15,16.8,-0.8,1,15,2021,1630.0
2021-01-18,5.6,-8.8,1,18,2021,1688.0
2021-01-19,4.8,-7.6,1,19,2021,1688.0
2021-01-20,10.1,-7.4,1,20,2021,1688.0
2021-01-21,13.3,-5.3,1,21,2021,1688.0
2021-01-22,11.1,5.6,1,22,2021,1668.0
2021-01-25,15.0,2.3,1,25,2021,1638.0
2021-01-26,7.2,2.7,1,26,2021,1648.0
2021-01-27,12.0,0.2,1,27,2021,1648.0
2021-01-28,11.7,-3.4,1,28,2021,1648.0
2021-01-29,1.5,-6.8,1,29,2021,1598.0
2021-02-01,11.7,4.6,2,1,2021,1588.0
2021-02-02,9.2,-4.8,2,2,2021,1588.0
2021-02-03,5.3,-6.5,2,3,2021,1588.0
2021-02-04,8.3,-3.5,2,4,2021,1568.0
2021-02-05,8.4,-6.0,2,5,2021,1548.0
2021-02-08,7.3,-2.5,2,8,2021,1548.0
2021-02-09,8.5,-6.8,2,9,2021,1459.0
2021-02-10,13.0,-5.7,2,10,2021,1424.0
2021-02-15,12.8,0.1,2,15,2021,1404.0
2021-02-16,7.2,-5.1,2,16,2021,1404.0
2021-02-17,0.2,-6.0,2,17,2021,1404.0
2021-02-18,1.7,-8.2,2,18,2021,1388.0
2021-02-19,13.0,-8.0,2,19,2021,1388.0
2021-02-22,22.5,2.0,2,22,2021,1438.0
2021-02-23,13.1,1.0,2,23,2021,1438.0
2021-02-24,12.7,-1.2,2,24,2021,1458.0
2021-02-25,10.2,-0.4,2,25,2021,1458.0
2021-02-26,13.3,5.6,2,26,2021,1448.0
2021-03-02,7.6,1.0,3,2,2021,1448.0
2021-03-03,11.7,-1.9,3,3,2021,1448.0
2021-03-04,12.1,0.8,3,4,2021,1478.0
2021-03-05,19.5,6.6,3,5,2021,1478.0
2021-03-08,15.5,0.6,3,8,2021,1478.0
2021-03-09,14.8,2.8,3,9,2021,1488.0
2021-03-10,17.9,2.5,3,10,2021,1473.0
2021-03-11,17.5,1.7,3,11,2021,1453.0
2021-03-12,10.9,8.6,3,12,2021,1433.0
2021-03-15,17.4,2.4,3,15,2021,1463.0
2021-03-16,22.4,7.1,3,16,2021,1473.0
2021-03-17,20.2,3.7,3,17,2021,1473.0
2021-03-18,19.7,4.9,3,18,2021,1473.0
2021-03-19,18.9,6.6,3,19,2021,1433.0
2021-03-22,13.4,2.5,3,22,2021,1433.0
2021-03-23,18.0,-1.3,3,23,2021,1453.0
2021-03-24,18.2,0.4,3,24,2021,1453.0
2021-03-25,22.9,3.2,3,25,2021,1433.0
2021-03-26,23.9,5.0,3,26,2021,1433.0
2021-03-29,20.4,8.8,3,29,2021,1606.0
2021-03-30,22.2,7.0,3,30,2021,1556.0
2021-03-31,22.6,3.8,3,31,2021,1723.0
2021-04-01,20.4,5.8,4,1,2021,1723.0
2021-04-02,21.7,12.3,4,2,2021,1733.0
2021-04-05,16.7,4.5,4,5,2021,1733.0
2021-04-06,21.0,2.9,4,6,2021,1663.0
2021-04-07,22.9,5.3,4,7,2021,1663.0
2021-04-08,21.8,6.7,4,8,2021,1643.0
2021-04-09,17.5,5.2,4,9,2021,1643.0
2021-04-12,15.9,7.7,4,12,2021,1583.0
2021-04-13,21.0,9.7,4,13,2021,1583.0
2021-04-14,17.5,4.0,4,14,2021,1563.0
2021-04-15,18.1,0.6,4,15,2021,1553.0
2021-04-16,20.8,2.7,4,16,2021,1553.0
2021-04-19,24.4,1.5,4,19,2021,1603.0
2021-04-20,26.1,3.4,4,20,2021,1623.0
2021-04-21,28.6,7.5,4,21,2021,1643.0
2021-04-22,27.5,12.5,4,22,2021,1643.0
2021-04-23,21.5,13.8,4,23,2021,1593.0
2021-04-26,20.7,4.8,4,26,2021,1633.0
2021-04-27,21.3,5.5,4,27,2021,1623.0
2021-04-28,25.3,8.7,4,28,2021,1603.0
2021-04-29,23.0,11.6,4,29,2021,1603.0
2021-04-30,22.8,12.8,4,30,2021,1583.0
2021-05-03,22.8,5.2,5,3,2021,1473.0
2021-05-04,20.1,9.2,5,4,2021,1509.0
2021-05-06,23.0,4.5,5,6,2021,1393.0
2021-05-07,23.6,9.6,5,7,2021,1363.0
2021-05-10,20.0,9.8,5,10,2021,1363.0
2021-05-11,21.0,12.5,5,11,2021,1363.0
2021-05-12,25.1,14.0,5,12,2021,1363.0
2021-05-13,29.1,12.7,5,13,2021,1333.0
2021-05-14,29.8,13.2,5,14,2021,1333.0
2021-05-17,21.3,16.0,5,17,2021,1333.0
2021-05-18,21.6,15.1,5,18,2021,1353.0
2021-05-20,17.4,15.5,5,20,2021,1403.0
2021-05-21,22.6,15.3,5,21,2021,1403.0
2021-05-24,25.6,14.1,5,24,2021,1403.0
2021-05-25,25.0,11.2,5,25,2021,1403.0
2021-05-26,24.5,10.3,5,26,2021,1353.0
2021-05-27,24.6,12.0,5,27,2021,1353.0
2021-05-28,25.0,8.7,5,28,2021,1313.0
2021-05-31,27.7,14.3,5,31,2021,1223.0
2021-06-01,29.2,14.5,6,1,2021,1213.0
2021-06-02,29.3,16.1,6,2,2021,1153.0
2021-06-03,20.2,15.3,6,3,2021,1133.0
2021-06-04,27.2,16.9,6,4,2021,1113.0
2021-06-07,32.3,16.2,6,7,2021,1113.0
2021-06-08,32.3,17.5,6,8,2021,1133.0
2021-06-09,32.0,18.3,6,9,2021,1133.0
2021-06-10,29.0,17.7,6,10,2021,1133.0
2021-06-11,23.5,20.2,6,11,2021,1133.0
2021-06-14,27.5,20.3,6,14,2021,1123.0
2021-06-15,24.5,19.5,6,15,2021,1123.0
2021-06-16,22.9,18.6,6,16,2021,1123.0
2021-06-17,25.2,18.4,6,17,2021,1123.0
2021-06-18,26.1,18.8,6,18,2021,1123.0
2021-06-21,31.8,18.3,6,21,2021,1103.0
2021-06-22,28.0,17.6,6,22,2021,1103.0
2021-06-23,25.7,18.2,6,23,2021,1093.0
2021-06-24,27.4,18.4,6,24,2021,1093.0
2021-06-25,30.1,17.5,6,25,2021,1113.0
2021-06-28,29.1,20.4,6,28,2021,1023.0
2021-06-29,29.8,19.0,6,29,2021,1023.0
2021-06-30,30.4,20.8,6,30,2021,1083.0
2021-07-01,32.3,19.6,7,1,2021,1083.0
2021-07-02,29.0,20.5,7,2,2021,1083.0
2021-07-05,25.8,21.1,7,5,2021,1083.0
2021-07-06,24.7,21.2,7,6,2021,1063.0
2021-07-07,27.2,22.5,7,7,2021,1063.0
2021-07-08,29.0,22.3,7,8,2021,1073.0
2021-07-09,28.8,22.9,7,9,2021,1073.0
2021-07-12,34.5,23.2,7,12,2021,1073.0
2021-07-13,33.0,23.9,7,13,2021,1083.0
2021-07-14,33.5,24.3,7,14,2021,1083.0
2021-07-15,34.1,24.2,7,15,2021,1063.0
2021-07-16,32.5,23.1,7,16,2021,1063.0
2021-07-19,31.9,23.1,7,19,2021,1102.0
2021-07-20,33.8,24.4,7,20,2021,1102.0
2021-07-21,34.1,22.7,7,21,2021,1102.0
2021-07-22,33.5,22.9,7,22,2021,1102.0
2021-07-23,33.3,22.9,7,23,2021,1149.0
2021-07-26,32.7,22.0,7,26,2021,1189.0
2021-07-27,34.8,22.0,7,27,2021,1179.0
2021-07-28,34.3,22.2,7,28,2021,1193.0
2021-07-29,34.2,22.4,7,29,2021,1193.0
2021-07-30,34.8,23.1,7,30,2021,1193.0
2021-08-02,33.5,24.8,8,2,2021,1193.0
2021-08-03,33.0,23.5,8,3,2021,1193.0
2021-08-04,35.2,24.0,8,4,2021,1186.0
2021-08-05,36.3,24.1,8,5,2021,1186.0
2021-08-06,36.4,23.6,8,6,2021,1199.0
2021-08-09,32.7,23.0,8,9,2021,1199.0
2021-08-10,29.9,23.1,8,10,2021,1199.0
2021-08-11,31.2,22.5,8,11,2021,1199.0
2021-08-12,32.2,21.4,8,12,2021,1199.0
2021-08-13,28.9,22.8,8,13,2021,1266.0
2021-08-17,26.7,21.8,8,17,2021,1276.0
2021-08-18,26.9,20.6,8,18,2021,1276.0
2021-08-19,29.4,19.7,8,19,2021,1306.0
2021-08-20,29.8,19.2,8,20,2021,1306.0
2021-08-23,26.6,22.4,8,23,2021,1349.0
2021-08-24,28.6,22.3,8,24,2021,1349.0
2021-08-25,26.7,23.4,8,25,2021,1346.0
2021-08-26,33.2,22.8,8,26,2021,1356.0
2021-08-27,31.8,20.6,8,27,2021,1349.0
2021-08-30,32.4,23.3,8,30,2021,1339.0
2021-08-31,31.0,22.9,8,31,2021,1339.0
2021-09-01,28.7,21.1,9,1,2021,1339.0
2021-09-02,25.3,20.6,9,2,2021,1346.0
2021-09-03,23.8,19.5,9,3,2021,1346.0
2021-09-06,26.8,19.3,9,6,2021,1332.0
2021-09-07,26.9,19.6,9,7,2021,1332.0
2021-09-08,29.4,20.4,9,8,2021,1326.0
2021-09-09,29.3,19.0,9,9,2021,1396.0
2021-09-10,26.1,19.7,9,10,2021,1423.0
2021-09-13,26.9,19.0,9,13,2021,1472.0
2021-09-14,23.8,20.3,9,14,2021,1579.0
2021-09-15,28.0,19.4,9,15,2021,1629.0
2021-09-16,26.8,16.3,9,16,2021,1669.0
2021-09-17,21.6,19.7,9,17,2021,1716.0
2021-09-23,27.5,13.9,9,23,2021,1716.0
2021-09-24,26.6,15.5,9,24,2021,1706.0
2021-09-27,25.7,17.9,9,27,2021,1676.0
2021-09-28,26.8,18.4,9,28,2021,1592.0
2021-09-29,27.0,20.8,9,29,2021,1585.0
2021-09-30,27.0,16.8,9,30,2021,1582.0
2021-10-01,29.2,15.3,10,1,2021,1582.0
2021-10-05,31.4,17.6,10,5,2021,1582.0
2021-10-06,28.3,19.3,10,6,2021,1516.0
2021-10-07,28.6,17.8,10,7,2021,1516.0
2021-10-08,26.1,19.8,10,8,2021,1516.0
2021-10-12,18.4,15.9,10,12,2021,1516.0
2021-10-13,22.7,15.8,10,13,2021,1496.0
2021-10-14,26.4,14.2,10,14,2021,1453.0
2021-10-15,26.3,15.2,10,15,2021,1453.0
2021-10-18,18.5,2.6,10,18,2021,1453.0
2021-10-19,19.6,6.3,10,19,2021,1443.0
2021-10-20,18.2,4.2,10,20,2021,1416.0
2021-10-21,16.1,7.0,10,21,2021,1396.0
2021-10-22,18.2,5.3,10,22,2021,1285.0
2021-10-25,21.4,6.4,10,25,2021,1259.0
2021-10-26,21.1,4.9,10,26,2021,1219.0
2021-10-27,21.8,7.5,10,27,2021,1193.0
2021-10-28,22.0,4.6,10,28,2021,1129.0
2021-10-29,20.0,7.3,10,29,2021,1129.0
2021-11-01,21.8,6.8,11,1,2021,1129.0
2021-11-02,18.6,5.6,11,2,2021,1129.0
2021-11-03,19.8,4.4,11,3,2021,1149.0
2021-11-04,21.6,4.0,11,4,2021,1149.0
2021-11-05,19.9,4.3,11,5,2021,1149.0
2021-11-08,20.3,4.9,11,8,2021,1202.0
2021-11-09,13.2,2.5,11,9,2021,1206.0
2021-11-10,13.1,4.3,11,10,2021,1216.0
2021-11-11,14.1,2.1,11,11,2021,1266.0
2021-11-12,12.8,0.0,11,12,2021,1319.0
2021-11-15,17.9,1.9,11,15,2021,1303.0
2021-11-16,17.5,3.2,11,16,2021,1403.0
2021-11-17,16.5,1.5,11,17,2021,1403.0
2021-11-18,18.0,1.2,11,18,2021,1419.0
2021-11-19,19.3,1.0,11,19,2021,1469.0
2021-11-22,14.3,0.2,11,22,2021,1469.0
2021-11-23,9.7,-2.2,11,23,2021,1469.0
2021-11-24,13.6,0.6,11,24,2021,1469.0
2021-11-25,16.8,-0.6,11,25,2021,1469.0
2021-11-26,12.4,0.1,11,26,2021,1469.0
2021-11-29,15.6,-2.0,11,29,2021,1429.0
2021-11-30,12.6,2.0,11,30,2021,1429.0
2021-12-01,6.1,-1.8,12,1,2021,1399.0
2021-12-02,8.4,-4.6,12,2,2021,1399.0
2021-12-06,14.1,0.6,12,6,2021,1399.0
2021-12-07,14.6,1.9,12,7,2021,1399.0
2021-12-08,14.0,1.9,12,8,2021,1419.0
2021-12-09,14.4,0.6,12,9,2021,1442.0
2021-12-10,14.2,1.5,12,10,2021,1442.0
2021-12-13,7.8,-3.4,12,13,2021,1442.0
2021-12-14,8.7,-6.3,12,14,2021,1422.0
2021-12-15,13.2,-3.9,12,15,2021,1422.0
2021-12-16,9.4,0.0,12,16,2021,1422.0
2021-12-17,5.7,-4.7,12,17,2021,1366.0
2021-12-20,12.6,-5.4,12,20,2021,1356.0
2021-12-21,14.5,-3.5,12,21,2021,1336.0
2021-12-22,13.9,-2.9,12,22,2021,1343.0
2021-12-23,11.7,-3.9,12,23,2021,1343.0
2021-12-24,11.7,-2.7,12,24,2021,1343.0
2021-12-27,3.1,-10.3,12,27,2021,1343.0
2021-12-28,8.0,-7.4,12,28,2021,1353.0
2021-12-29,10.6,-4.7,12,29,2021,1346.0
2021-12-30,5.6,-0.8,12,30,2021,1346.0
2021-12-31,3.3,-4.0,12,31,2021,1346.0
2022-01-03,8.9,-7.8,1,3,2022,1346.0
2022-01-04,9.4,-6.6,1,4,2022,1259.0
2022-01-05,6.6,-1.8,1,5,2022,1216.0
2022-01-06,9.1,-2.8,1,6,2022,1213.0
2022-01-07,9.4,-6.5,1,7,2022,1193.0
2022-01-10,10.8,-3.5,1,10,2022,1193.0
2022-01-11,4.7,-5.2,1,11,2022,1193.0
2022-01-12,2.8,-8.9,1,12,2022,1193.0
2022-01-13,1.7,-7.8,1,13,2022,1129.0
2022-01-14,5.4,-9.3,1,14,2022,1129.0
2022-01-17,4.9,-4.9,1,17,2022,1119.0
2022-01-18,4.1,-7.2,1,18,2022,1099.0
2022-01-19,6.5,-9.7,1,19,2022,1099.0
2022-01-20,5.6,-4.9,1,20,2022,1093.0
2022-01-21,8.2,-7.5,1,21,2022,1093.0
2022-01-24,7.2,-0.4,1,24,2022,1093.0
2022-01-25,8.9,0.1,1,25,2022,1086.0
2022-01-26,9.1,-1.9,1,26,2022,1086.0
2022-01-27,11.2,-1.9,1,27,2022,1086.0
2022-01-28,8.7,-2.2,1,28,2022,1086.0
2022-02-03,6.6,-5.3,2,3,2022,1086.0
2022-02-04,6.3,-3.4,2,4,2022,1066.0
2022-02-07,5.8,-7.2,2,7,2022,1003.0
2022-02-08,7.8,-3.7,2,8,2022,1003.0
2022-02-09,11.6,-5.7,2,9,2022,1026.0
2022-02-10,11.8,-1.6,2,10,2022,1026.0
2022-02-11,12.3,-4.4,2,11,2022,1019.0
2022-02-14,13.9,0.9,2,14,2022,1019.0
2022-02-15,6.7,-3.1,2,15,2022,1012.0
2022-02-16,2.7,-8.4,2,16,2022,985.0
2022-02-17,2.3,-8.5,2,17,2022,979.0
2022-02-18,9.1,-8.2,2,18,2022,979.0
2022-02-21,7.6,-9.3,2,21,2022,969.0
2022-02-22,4.9,-3.1,2,22,2022,949.0
2022-02-23,4.2,-5.3,2,23,2022,979.0
2022-02-24,8.1,-9.0,2,24,2022,1009.0
2022-02-25,12.2,-7.8,2,25,2022,999.0
2022-02-28,15.7,-4.9,2,28,2022,996.0
2022-03-02,13.5,0.8,3,2,2022,1008.0
2022-03-03,15.2,-4.3,3,3,2022,1008.0
2022-03-04,15.7,-3.6,3,4,2022,988.0
2022-03-07,12.9,-1.4,3,7,2022,1001.0
2022-03-08,16.1,-2.7,3,8,2022,1001.0
2022-03-10,17.5,-0.8,3,10,2022,1008.0
2022-03-11,19.0,0.2,3,11,2022,1008.0
2022-03-14,14.4,8.7,3,14,2022,1008.0
2022-03-15,19.5,2.4,3,15,2022,998.0
2022-03-16,22.9,2.1,3,16,2022,998.0
2022-03-17,12.2,7.2,3,17,2022,1021.0
2022-03-18,9.5,5.2,3,18,2022,1021.0
2022-03-21,14.4,2.5,3,21,2022,1111.0
2022-03-22,15.0,2.7,3,22,2022,1135.0
2022-03-23,13.2,1.9,3,23,2022,1168.0
2022-03-24,18.5,-1.1,3,24,2022,1258.0
2022-03-25,18.1,3.7,3,25,2022,1268.0
2022-03-28,14.9,3.0,3,28,2022,1342.0
2022-03-29,18.9,2.5,3,29,2022,1363.0
2022-03-30,21.6,1.7,3,30,2022,1383.0
2022-03-31,16.1,8.2,3,31,2022,1403.0
2022-04-01,15.2,2.5,4,1,2022,1423.0
2022-04-04,21.0,2.7,4,4,2022,1473.0
2022-04-05,21.9,1.7,4,5,2022,1473.0
2022-04-06,24.4,4.4,4,6,2022,1473.0
2022-04-07,21.7,4.2,4,7,2022,1488.0
2022-04-08,22.9,3.5,4,8,2022,1488.0
2022-04-11,39.1,9.4,4,11,2022,1488.0
2022-04-12,28.0,12.8,4,12,2022,1488.0
2022-04-13,17.1,10.7,4,13,2022,1488.0
2022-04-14,14.5,10.1,4,14,2022,1498.0
2022-04-15,20.0,9.9,4,15,2022,1498.0
2022-04-18,24.6,7.9,4,18,2022,1641.0
2022-04-19,25.5,5.9,4,19,2022,1691.0
2022-04-20,25.8,5.5,4,20,2022,1691.0
2022-04-21,16.4,6.9,4,21,2022,1759.0
2022-04-22,24.3,9.9,4,22,2022,1844.0
2022-04-25,29.4,11.8,4,25,2022,1844.0
2022-04-26,21.3,16.4,4,26,2022,1854.0
2022-04-27,22.8,11.5,4,27,2022,1854.0
2022-04-28,23.4,10.4,4,28,2022,1884.0
2022-04-29,14.5,9.5,4,29,2022,2033.0
2022-05-02,21.0,4.1,5,2,2022,2013.0
2022-05-03,21.6,6.2,5,3,2022,2013.0
2022-05-04,25.3,5.6,5,4,2022,1963.0
2022-05-06,27.3,9.4,5,6,2022,1819.0
2022-05-09,23.1,10.5,5,9,2022,1869.0
2022-05-10,24.1,9.0,5,10,2022,1879.0
2022-05-11,27.0,14.4,5,11,2022,1849.0
2022-05-12,25.9,16.9,5,12,2022,1859.0
2022-05-13,23.2,15.4,5,13,2022,1770.0
2022-05-16,25.7,10.3,5,16,2022,1734.0
2022-05-17,27.6,6.9,5,17,2022,1734.0
2022-05-18,29.4,9.3,5,18,2022,1739.0
2022-05-19,28.3,10.6,5,19,2022,1723.0
2022-05-20,27.1,13.6,5,20,2022,1713.0
2022-05-23,31.0,14.3,5,23,2022,1593.0
2022-05-24,33.0,15.3,5,24,2022,1593.0
2022-05-25,30.8,14.8,5,25,2022,1583.0
2022-05-26,27.6,14.7,5,26,2022,1583.0
2022-05-27,30.4,11.0,5,27,2022,1583.0
2022-05-30,29.6,19.9,5,30,2022,1583.0
2022-05-31,30.8,16.3,5,31,2022,1583.0
2022-06-02,31.5,14.0,6,2,2022,1563.0
2022-06-03,30.9,15.9,6,3,2022,1553.0
2022-06-07,21.0,14.0,6,7,2022,1583.0
2022-06-08,22.8,14.0,6,8,2022,1603.0
2022-06-09,26.8,13.6,6,9,2022,1623.0
2022-06-10,27.7,14.4,6,10,2022,1623.0
2022-06-13,24.9,17.5,6,13,2022,1653.0
2022-06-14,19.1,16.2,6,14,2022,1633.0
2022-06-15,25.8,16.0,6,15,2022,1656.0
2022-06-16,30.8,19.2,6,16,2022,1693.0
2022-06-17,29.9,17.9,6,17,2022,1743.0
2022-06-20,32.2,22.4,6,20,2022,1769.0
2022-06-21,31.3,22.0,6,21,2022,1769.0
2022-06-22,33.4,21.8,6,22,2022,1789.0
2022-06-23,27.4,22.7,6,23,2022,1799.0
2022-06-24,28.2,23.7,6,24,2022,1809.0
2022-06-27,28.4,24.8,6,27,2022,1805.0
2022-06-28,29.0,25.8,6,28,2022,1839.0
2022-06-29,29.8,24.9,6,29,2022,1866.0
2022-06-30,31.5,24.1,6,30,2022,1879.0
2022-07-01,34.0,22.3,7,1,2022,1916.0
2022-07-04,32.4,24.9,7,4,2022,1916.0
2022-07-05,33.4,24.0,7,5,2022,1916.0
2022-07-06,32.5,24.7,7,6,2022,1896.0
2022-07-07,33.1,25.9,7,7,2022,1906.0
2022-07-08,31.4,25.0,7,8,2022,1922.0
2022-07-11,28.2,24.0,7,11,2022,1912.0
2022-07-12,30.7,23.7,7,12,2022,1909.0
2022-07-13,27.1,22.3,7,13,2022,1919.0
2022-07-14,34.9,23.6,7,14,2022,1939.0
2022-07-15,34.6,22.3,7,15,2022,1926.0
2022-07-18,26.4,21.4,7,18,2022,1926.0
2022-07-19,31.7,22.8,7,19,2022,1923.0
2022-07-20,33.6,22.8,7,20,2022,1923.0
2022-07-21,32.6,21.4,7,21,2022,1913.0
2022-07-22,30.4,21.4,7,22,2022,1900.0
2022-07-25,32.9,22.5,7,25,2022,1880.0
2022-07-26,33.0,23.6,7,26,2022,1878.0
2022-07-27,31.8,22.0,7,27,2022,1884.0
2022-07-28,30.8,23.4,7,28,2022,1884.0
2022-07-29,33.4,23.7,7,29,2022,1874.0
2022-08-01,30.5,26.8,8,1,2022,1878.0
2022-08-02,30.4,25.7,8,2,2022,1878.0
2022-08-03,33.1,25.7,8,3,2022,1888.0
2022-08-04,34.9,25.8,8,4,2022,1885.0
2022-08-05,33.8,25.3,8,5,2022,1885.0
2022-08-08,33.3,26.8,8,8,2022,1898.0
2022-08-09,32.1,25.5,8,9,2022,1889.0
2022-08-10,30.0,25.5,8,10,2022,1869.0
2022-08-11,29.1,25.7,8,11,2022,1869.0
2022-08-12,35.8,25.7,8,12,2022,1869.0
2022-08-16,28.7,24.3,8,16,2022,2308.0
2022-08-17,26.9,22.1,8,17,2022,2392.0
2022-08-18,31.4,21.4,8,18,2022,2412.0
2022-08-19,31.9,21.0,8,19,2022,2669.0
2022-08-22,31.6,18.7,8,22,2022,2633.0
2022-08-23,31.0,22.8,8,23,2022,2583.0
2022-08-24,23.8,19.2,8,24,2022,2516.0
2022-08-25,30.6,18.4,8,25,2022,2506.0
2022-08-26,30.2,20.7,8,26,2022,2489.0
2022-08-29,27.0,16.9,8,29,2022,2615.0
2022-08-30,24.2,20.8,8,30,2022,2676.0
2022-08-31,23.9,19.7,8,31,2022,2755.0
2022-09-01,25.2,19.2,9,1,2022,2805.0
2022-09-02,22.8,20.0,9,2,2022,2869.0
2022-09-05,28.5,23.2,9,5,2022,2979.0
2022-09-06,27.8,16.5,9,6,2022,3046.0
2022-09-07,29.3,14.5,9,7,2022,3248.0
2022-09-08,28.8,15.3,9,8,2022,3318.0
2022-09-13,29.8,19.2,9,13,2022,3222.0
2022-09-14,28.6,20.6,9,14,2022,3282.0
2022-09-15,29.0,20.9,9,15,2022,3349.0
2022-09-16,30.2,20.0,9,16,2022,3326.0
2022-09-19,28.6,18.8,9,19,2022,3379.0
2022-09-20,25.8,14.8,9,20,2022,3299.0
2022-09-21,23.5,12.4,9,21,2022,3322.0
2022-09-22,26.3,11.3,9,22,2022,3322.0
2022-09-23,28.6,15.7,9,23,2022,3326.0
2022-09-26,22.3,15.6,9,26,2022,3346.0
2022-09-27,27.3,16.1,9,27,2022,3346.0
2022-09-28,26.5,15.5,9,28,2022,3292.0
2022-09-29,29.1,13.5,9,29,2022,3292.0
2022-09-30,30.1,13.4,9,30,2022,3256.0
2022-10-04,26.0,16.2,10,4,2022,3246.0
2022-10-05,22.1,15.4,10,5,2022,3246.0
2022-10-06,22.1,14.9,10,6,2022,3199.0
2022-10-07,21.3,13.6,10,7,2022,3269.0
2022-10-11,19.9,5.4,10,11,2022,3289.0
2022-10-12,22.8,6.3,10,12,2022,3276.0
2022-10-13,23.9,9.7,10,13,2022,3276.0
2022-10-14,24.7,9.2,10,14,2022,3266.0
2022-10-17,22.9,9.9,10,17,2022,3239.0
2022-10-18,18.0,4.6,10,18,2022,3199.0
2022-10-19,18.3,1.9,10,19,2022,3149.0
2022-10-20,21.4,2.6,10,20,2022,3079.0
2022-10-21,20.8,4.9,10,21,2022,2882.0
2022-10-24,17.5,5.0,10,24,2022,2705.0
2022-10-25,18.4,7.0,10,25,2022,2548.0
2022-10-26,20.4,5.0,10,26,2022,2512.0
2022-10-27,23.1,8.7,10,27,2022,2512.0
2022-10-28,23.3,5.7,10,28,2022,2512.0
2022-10-31,21.4,6.2,10,31,2022,2382.0
2022-11-01,22.6,7.3,11,1,2022,2292.0
2022-11-02,21.2,4.9,11,2,2022,2236.0
2022-11-03,21.1,4.0,11,3,2022,2202.0
2022-11-04,15.1,4.8,11,4,2022,2192.0
2022-11-07,18.3,1.1,11,7,2022,2139.0
2022-11-08,20.2,1.9,11,8,2022,2118.0
2022-11-09,20.3,1.7,11,9,2022,2125.0
2022-11-10,22.2,2.8,11,10,2022,2055.0
2022-11-11,22.5,6.2,11,11,2022,2055.0
2022-11-14,15.1,5.0,11,14,2022,2001.0
2022-11-15,15.9,2.6,11,15,2022,2008.0
2022-11-16,16.6,1.9,11,16,2022,2008.0
2022-11-17,17.7,2.9,11,17,2022,1975.0
2022-11-18,20.5,1.6,11,18,2022,1932.0
2022-11-21,18.1,4.8,11,21,2022,1901.0
2022-11-22,16.7,9.3,11,22,2022,1901.0
2022-11-23,19.1,6.7,11,23,2022,1942.0
2022-11-24,18.3,2.7,11,24,2022,1922.0
2022-11-25,19.1,0.2,11,25,2022,1905.0
2022-11-28,21.0,4.1,11,28,2022,1872.0
2022-11-29,18.8,8.1,11,29,2022,1819.0
2022-11-30,8.2,-1.8,11,30,2022,1819.0
2022-12-01,3.6,-2.3,12,1,2022,1809.0
2022-12-05,6.6,-2.3,12,5,2022,1845.0
2022-12-06,9.7,-5.0,12,6,2022,1881.0
2022-12-07,11.7,-4.1,12,7,2022,1868.0
2022-12-08,12.5,-3.7,12,8,2022,1875.0
2022-12-09,13.0,-2.3,12,9,2022,1892.0
2022-12-12,10.1,-2.5,12,12,2022,1935.0
2022-12-13,9.8,-0.7,12,13,2022,1935.0
2022-12-14,3.2,-7.4,12,14,2022,1935.0
2022-12-15,5.6,-8.2,12,15,2022,1905.0
2022-12-16,5.0,-1.0,12,16,2022,1869.0
2022-12-19,4.5,-10.5,12,19,2022,1869.0
2022-12-20,7.6,-7.5,12,20,2022,1906.0
2022-12-21,3.2,-2.4,12,21,2022,1922.0
2022-12-22,1.9,-5.2,12,22,2022,2209.0
2022-12-23,-0.5,-6.8,12,23,2022,2216.0
2022-12-26,7.6,-7.2,12,26,2022,2299.0
2022-12-27,8.7,-6.5,12,27,2022,2346.0
2022-12-28,7.2,-6.4,12,28,2022,2492.0
2022-12-29,5.5,-5.4,12,29,2022,2529.0
2022-12-30,6.2,-6.6,12,30,2022,2529.0
2023-01-02,5.8,-4.0,1,2,2023,2499.0
2023-01-03,6.3,-7.2,1,3,2023,2489.0
2023-01-04,7.9,-7.4,1,4,2023,2555.0
2023-01-05,8.2,-6.6,1,5,2023,2542.0
2023-01-06,10.1,-4.8,1,6,2023,2542.0
2023-01-09,14.8,-5.0,1,9,2023,2402.0
2023-01-10,12.9,-2.3,1,10,2023,2365.0
2023-01-11,13.5,-4.7,1,11,2023,2365.0
2023-01-12,16.6,-4.3,1,12,2023,2322.0
2023-01-13,17.7,7.7,1,13,2023,2312.0
2023-01-16,5.2,-2.8,1,16,2023,2436.0
2023-01-17,5.6,-4.7,1,17,2023,2469.0
2023-01-18,5.8,-4.5,1,18,2023,2658.0
2023-01-19,6.3,-5.9,1,19,2023,2724.0
2023-01-20,7.1,-4.5,1,20,2023,2724.0
2023-01-25,-0.8,-13.7,1,25,2023,2702.0
2023-01-26,2.6,-12.3,1,26,2023,2826.0
2023-01-27,2.1,-6.7,1,27,2023,2819.0
2023-01-30,6.7,-4.8,1,30,2023,2850.0
2023-01-31,10.1,-8.8,1,31,2023,2854.0
2023-02-01,14.6,-4.7,2,1,2023,2770.0
2023-02-02,8.1,-2.1,2,2,2023,2764.0
2023-02-03,9.1,-2.3,2,3,2023,2774.0
2023-02-06,12.7,-6.8,2,6,2023,2784.0
2023-02-07,14.6,-2.2,2,7,2023,2764.0
2023-02-08,12.7,-1.7,2,8,2023,2764.0
2023-02-09,11.9,-1.4,2,9,2023,2744.0
2023-02-10,10.0,0.2,2,10,2023,2744.0
2023-02-13,9.1,4.3,2,13,2023,2744.0
2023-02-14,10.3,0.8,2,14,2023,2647.0
2023-02-15,6.8,1.2,2,15,2023,2617.0
2023-02-16,9.3,-0.4,2,16,2023,2582.0
2023-02-17,8.8,-1.6,2,17,2023,2622.0
2023-02-20,8.7,-2.9,2,20,2023,2616.0
2023-02-21,8.7,-4.8,2,21,2023,2611.0
2023-02-22,10.8,-4.1,2,22,2023,2629.0
2023-02-23,14.2,0.8,2,23,2023,2647.0
2023-02-24,14.0,0.4,2,24,2023,2656.0
2023-02-27,16.1,-4.6,2,27,2023,2694.0
2023-02-28,16.2,-4.7,2,28,2023,2706.0
2023-03-02,9.7,-2.9,3,2,2023,2756.0
2023-03-03,15.1,-4.5,3,3,2023,2754.0
2023-03-06,19.0,-0.7,3,6,2023,2702.0
2023-03-07,20.7,-0.8,3,7,2023,2648.0
2023-03-08,19.7,0.4,3,8,2023,2645.0
2023-03-09,22.0,4.2,3,9,2023,2650.0
2023-03-10,22.5,3.5,3,10,2023,2692.0
2023-03-13,11.5,-0.8,3,13,2023,2667.0
2023-03-14,16.1,0.9,3,14,2023,2640.0
2023-03-15,20.4,0.0,3,15,2023,2587.0
2023-03-16,17.7,6.5,3,16,2023,2596.0
2023-03-17,14.9,6.1,3,17,2023,2596.0
2023-03-20,19.2,0.0,3,20,2023,2598.0
2023-03-21,22.6,6.0,3,21,2023,2589.0
2023-03-22,22.2,8.4,3,22,2023,2571.0
2023-03-23,17.3,14.6,3,23,2023,2574.0
2023-03-24,15.5,9.2,3,24,2023,2574.0
2023-03-27,17.6,4.1,3,27,2023,2603.0
2023-03-28,19.6,0.6,3,28,2023,2653.0
2023-03-29,21.0,3.8,3,29,2023,2669.0
2023-03-30,23.3,3.3,3,30,2023,2705.0
2023-03-31,26.1,5.4,3,31,2023,2678.0
2023-04-03,22.5,4.6,4,3,2023,2678.0
2023-04-04,21.4,6.6,4,4,2023,2691.0
2023-04-05,17.2,14.2,4,5,2023,2720.0
2023-04-06,18.7,10.9,4,6,2023,2729.0
2023-04-07,19.2,7.5,4,7,2023,2690.0
2023-04-10,20.6,1.1,4,10,2023,2658.0
2023-04-11,22.2,6.8,4,11,2023,2659.0
2023-04-12,21.5,4.9,4,12,2023,2683.0
2023-04-13,24.1,2.7,4,13,2023,2694.0
2023-04-14,19.2,3.3,4,14,2023,2686.0
2023-04-17,21.1,1.9,4,17,2023,2671.0
2023-04-18,21.9,8.6,4,18,2023,2801.0
2023-04-19,20.0,16.2,4,19,2023,2801.0
2023-04-20,28.8,15.2,4,20,2023,2666.0
2023-04-21,21.3,12.6,4,21,2023,2673.0
2023-04-24,16.3,6.4,4,24,2023,2555.0
2023-04-25,11.3,6.9,4,25,2023,2538.0
2023-04-26,20.4,4.9,4,26,2023,2592.0
2023-04-27,22.1,5.2,4,27,2023,2536.0
2023-04-28,23.3,4.1,4,28,2023,2421.0
2023-05-02,25.2,5.3,5,2,2023,2282.0
2023-05-03,23.2,7.4,5,3,2023,2248.0
2023-05-04,21.4,14.6,5,4,2023,2198.0
2023-05-08,21.5,5.7,5,8,2023,2169.0
2023-05-09,27.3,5.2,5,9,2023,2104.0
2023-05-10,27.2,9.4,5,10,2023,2077.0
2023-05-11,24.5,11.1,5,11,2023,2077.0
2023-05-12,24.9,9.0,5,12,2023,2097.0
2023-05-15,27.1,10.9,5,15,2023,2053.0
2023-05-16,31.8,11.8,5,16,2023,2007.0
2023-05-17,29.5,11.9,5,17,2023,1981.0
2023-05-18,22.7,16.7,5,18,2023,1972.0
2023-05-19,22.7,14.4,5,19,2023,1972.0
2023-05-22,19.9,12.4,5,22,2023,1962.0
2023-05-23,26.2,10.4,5,23,2023,1962.0
2023-05-24,26.6,10.4,5,24,2023,1895.0
2023-05-25,26.1,14.9,5,25,2023,1885.0
2023-05-26,24.6,16.1,5,26,2023,1914.0
2023-05-30,25.1,17.4,5,30,2023,1964.0
2023-05-31,27.1,14.4,5,31,2023,2002.0
2023-06-01,19.2,13.6,6,1,2023,2021.0
2023-06-02,31.3,17.2,6,2,2023,2109.0
2023-06-05,27.5,16.5,6,5,2023,2129.0
2023-06-07,29.4,15.6,6,7,2023,2159.0
2023-06-08,27.6,17.9,6,8,2023,2185.0
2023-06-09,30.9,16.2,6,9,2023,2215.0
2023-06-12,30.0,19.0,6,12,2023,2232.0
2023-06-13,28.6,18.7,6,13,2023,2192.0
2023-06-14,29.0,16.7,6,14,2023,2195.0
2023-06-15,27.4,16.5,6,15,2023,2195.0
2023-06-16,32.3,17.6,6,16,2023,2198.0
2023-06-19,31.7,19.5,6,19,2023,2192.0
2023-06-20,29.4,18.6,6,20,2023,2202.0
2023-06-21,24.5,19.7,6,21,2023,2202.0
2023-06-22,29.7,20.9,6,22,2023,2202.0
2023-06-23,30.4,20.0,6,23,2023,2202.0
2023-06-26,27.8,21.1,6,26,2023,2202.0
2023-06-27,30.2,21.9,6,27,2023,2202.0
2023-06-28,28.6,20.3,6,28,2023,2202.0
2023-06-29,28.2,23.5,6,29,2023,2202.0
2023-06-30,27.4,23.4,6,30,2023,2202.0
2023-07-03,32.1,22.6,7,3,2023,2202.0
2023-07-04,27.9,23.7,7,4,2023,2202.0
2023-07-05,33.0,22.8,7,5,2023,2202.0
2023-07-06,33.5,20.3,7,6,2023,2202.0
2023-07-07,25.3,19.6,7,7,2023,2190.0
2023-07-10,30.7,25.4,7,10,2023,2190.0
2023-07-11,29.8,22.7,7,11,2023,2190.0
2023-07-12,29.8,23.5,7,12,2023,2190.0
2023-07-13,28.3,25.2,7,13,2023,2198.0
2023-07-14,28.0,25.8,7,14,2023,2198.0
2023-07-17,31.1,23.3,7,17,2023,2218.0
2023-07-18,26.6,24.3,7,18,2023,2218.0
2023-07-19,29.2,23.1,7,19,2023,2218.0
2023-07-20,33.3,22.4,7,20,2023,2218.0
2023-07-21,32.0,22.5,7,21,2023,2245.0
2023-07-24,32.1,24.6,7,24,2023,2365.0
2023-07-25,31.5,23.9,7,25,2023,2426.0
2023-07-26,32.5,24.1,7,26,2023,2474.0
2023-07-27,34.9,23.4,7,27,2023,2478.0
2023-07-28,34.7,24.7,7,28,2023,2509.0
2023-07-31,35.7,23.6,7,31,2023,2579.0
2023-08-01,34.7,24.2,8,1,2023,2709.0
2023-08-02,35.8,23.1,8,2,2023,2718.0
2023-08-03,36.1,24.8,8,3,2023,2753.0
2023-08-04,36.0,24.7,8,4,2023,2774.0
2023-08-07,34.9,25.5,8,7,2023,2781.0
2023-08-08,32.5,26.0,8,8,2023,2781.0
2023-08-09,27.3,24.5,8,9,2023,2811.0
2023-08-10,26.2,23.2,8,10,2023,2811.0
2023-08-11,31.7,21.2,8,11,2023,2793.0
2023-08-14,32.3,23.7,8,14,2023,2793.0
2023-08-16,31.5,24.9,8,16,2023,2846.0
